lat,lon
10.8532453800,106.7715099983
10.8532454050,106.7715100683
10.8532454850,106.7715100850
10.8532393967,106.7715094783
10.8532388183,106.7715094617
10.8532381800,106.7715094567
10.8532376483,106.7715093900
10.8532370350,106.7715093617
10.8532364150,106.7715092450
10.8532212217,106.7715086217
10.8532205167,106.7715086283
10.8532198183,106.7715085850
10.8532189900,106.7715085050
10.8532181417,106.7715085317
10.8532021567,106.7715068633
10.8532013750,106.7715067533
10.8532006183,106.7715066367
10.8531999150,106.7715064367
10.8531991200,106.7715064017
10.8531815017,106.7715048900
10.8531807000,106.7715046600
10.8531798183,106.7715046517
10.8531790517,106.7715045550
10.8531782833,106.7715044183
10.8531598067,106.7715014150
10.8531590700,106.7715012617
10.8531584983,106.7715014583
10.8531575617,106.7715013683
10.8531568483,106.7715014350
10.8531395383,106.7714994550
10.8531387383,106.7714993267
10.8531380167,106.7714992683
10.8531372583,106.7714991983
10.8531365267,106.7714991917
10.8531142433,106.7714968550
10.8531133650,106.7714967817
10.8531125400,106.7714966867
10.8531117150,106.7714965483
10.8531108800,106.7714963250
10.8531099817,106.7714962933
10.8530908067,106.7714937200
10.8530899283,106.7714935417
10.8530890383,106.7714934850
10.8530881483,106.7714933650
10.8530871400,106.7714932600
10.8530620883,106.7714903100
10.8530612083,106.7714900933
10.8530602983,106.7714899967
10.8530593967,106.7714897750
10.8530585083,106.7714896333
10.8530576200,106.7714895833
10.8530349333,106.7714856050
10.8530340367,106.7714854017
10.8530330067,106.7714854267
10.8530321100,106.7714853333
10.8530309983,106.7714851033
10.8530072200,106.7714822933
10.8530062783,106.7714819833
10.8530053167,106.7714817983
10.8530041883,106.7714818300
10.8529791750,106.7714786667
10.8529779667,106.7714784783
10.8529768150,106.7714782900
10.8529755733,106.7714782283
10.8529744000,106.7714781417
10.8529732567,106.7714780333
10.8529482117,106.7714750817
10.8529470600,106.7714750350
10.8529458833,106.7714749000
10.8529446967,106.7714746500
10.8529436317,106.7714746433
10.8529110200,106.7714706617
10.8529096333,106.7714705450
10.8529085350,106.7714703650
10.8529076217,106.7714700483
10.8529064100,106.7714696783
10.8528785467,106.7714665317
10.8528773967,106.7714664700
10.8528763533,106.7714664517
10.8528752550,106.7714663433
10.8528741033,106.7714661650
10.8528501900,106.7714639833
10.8528489817,106.7714637017
10.8528478500,106.7714635983
10.8528467817,106.7714634433
10.8528457117,106.7714632983
10.8528446067,106.7714631433
10.8528183333,106.7714599950
10.8528170417,106.7714599533
10.8528158400,106.7714597417
10.8528146450,106.7714595967
10.8528134300,106.7714595100
10.8527844683,106.7714558867
10.8527831900,106.7714558383
10.8527818367,106.7714558167
10.8527805050,106.7714556600
10.8527792050,106.7714555217
10.8527494050,106.7714520650
10.8527480950,106.7714520100
10.8527467283,106.7714519067
10.8527453850,106.7714517050
10.8527440917,106.7714515300
10.8527057133,106.7714478633
10.8527043550,106.7714476333
10.8527030550,106.7714473917
10.8527016633,106.7714472683
10.8527003550,106.7714470050
10.8526989717,106.7714469883
10.8526672650,106.7714434650
10.8526659500,106.7714433533
10.8526644600,106.7714431950
10.8526630050,106.7714430533
10.8526287017,106.7714377667
10.8526273117,106.7714376050
10.8526256833,106.7714373850
10.8526241767,106.7714374350
10.8526228217,106.7714373233
10.8525909067,106.7714328500
10.8525896517,106.7714327750
10.8525882683,106.7714326883
10.8525869567,106.7714325150
10.8525856083,106.7714323900
10.8525843267,106.7714320850
10.8525549267,106.7714291767
10.8525535683,106.7714289767
10.8525522667,106.7714289267
10.8525508017,106.7714287767
10.8525495300,106.7714286967
10.8525090200,106.7714247200
10.8525075950,106.7714245433
10.8525062433,106.7714243250
10.8525048183,106.7714242667
10.8525033317,106.7714241800
10.8525019350,106.7714241917
10.8524671367,106.7714200783
10.8524655583,106.7714197533
10.8524639700,106.7714195350
10.8524625233,106.7714192283
10.8524611500,106.7714191233
10.8524284950,106.7714161167
10.8524270667,106.7714160783
10.8524255583,106.7714158117
10.8524241967,106.7714156750
10.8524226967,106.7714154933
10.8523905967,106.7714120983
10.8523891533,106.7714119733
10.8523877633,106.7714117350
10.8523864983,106.7714117317
10.8523537817,106.7714077933
10.8523524517,106.7714076900
10.8523511217,106.7714074617
10.8523498367,106.7714071283
10.8523485083,106.7714071600
10.8523169000,106.7714028767
10.8523153883,106.7714027000
10.8523139467,106.7714025767
10.8523125033,106.7714024183
10.8523110500,106.7714023683
10.8522776633,106.7713980050
10.8522762883,106.7713979467
10.8522748117,106.7713978450
10.8522733700,106.7713978217
10.8522720850,106.7713976817
10.8522706917,106.7713976433
10.8522404767,106.7713947717
10.8522391750,106.7713944483
10.8522377683,106.7713944200
10.8522364817,106.7713944083
10.8522351967,106.7713941933
10.8521990833,106.7713900283
10.8521977967,106.7713900200
10.8521964633,106.7713898333
10.8521953133,106.7713897050
10.8521941317,106.7713895600
10.8521928683,106.7713895967
10.8521651167,106.7713879733
10.8521639267,106.7713880783
10.8521627250,106.7713878483
10.8521614667,106.7713877050
10.8521330450,106.7713849183
10.8521316850,106.7713845917
10.8521303517,106.7713842600
10.8521290217,106.7713841650
10.8521276150,106.7713838283
10.8520970750,106.7713802150
10.8520957700,106.7713800967
10.8520945283,106.7713799533
10.8520931633,106.7713797750
10.8520918500,106.7713794867
10.8520622667,106.7713754200
10.8520610333,106.7713751450
10.8520597000,106.7713749250
10.8520583417,106.7713749533
10.8520570783,106.7713750617
10.8520286933,106.7713716667
10.8520274933,106.7713714983
10.8520261417,106.7713714617
10.8520249083,106.7713712167
10.8520235883,106.7713710817
10.8520224300,106.7713709450
10.8519945183,106.7713678600
10.8519932183,106.7713676767
10.8519919900,106.7713675383
10.8519907033,106.7713674317
10.8519894867,106.7713673917
10.8519609983,106.7713641217
10.8519597267,106.7713639433
10.8519585050,106.7713638100
10.8519572333,106.7713635783
10.8519560283,106.7713634333
10.8519269467,106.7713598950
10.8519257367,106.7713596917
10.8519244100,106.7713595717
10.8519230100,106.7713593533
10.8518900417,106.7713557567
10.8518886317,106.7713555667
10.8518870683,106.7713554233
10.8518855750,106.7713554283
10.8518841333,106.7713552333
10.8518506633,106.7713518850
10.8518491233,106.7713517733
10.8518476583,106.7713516533
10.8518461617,106.7713515417
10.8518445767,106.7713511633
10.8518088317,106.7713468517
10.8518072667,106.7713466083
10.8518057983,106.7713463550
10.8518041950,106.7713461567
10.8518026417,106.7713461067
10.8517665583,106.7713409683
10.8517648883,106.7713406217
10.8517632917,106.7713403250
10.8517617633,106.7713400917
10.8517601250,106.7713399600
10.8517225333,106.7713359250
10.8517209767,106.7713356067
10.8517193317,106.7713354700
10.8517176933,106.7713352333
10.8517160650,106.7713351633
10.8516793917,106.7713308750
10.8516777750,106.7713307183
10.8516762633,106.7713305083
10.8516745917,106.7713303567
10.8516729833,106.7713301333
10.8516349800,106.7713261983
10.8516333500,106.7713260033
10.8516315800,106.7713258300
10.8516298583,106.7713256550
10.8516281900,106.7713254150
10.8515895383,106.7713202417
10.8515878450,106.7713201467
10.8515861850,106.7713199383
10.8515844733,106.7713198017
10.8515827800,106.7713196517
10.8515810933,106.7713194333
10.8515430233,106.7713149767
10.8515414583,106.7713148050
10.8515398550,106.7713146333
10.8515382000,106.7713144350
10.8515365833,106.7713142650
10.8514998833,106.7713120317
10.8514983183,106.7713121283
10.8514967833,106.7713121917
10.8514952333,106.7713122000
10.8514628933,106.7713185783
10.8514616167,106.7713191033
10.8514603483,106.7713195383
10.8514591183,106.7713200367
10.8514579383,106.7713206083
10.8514567600,106.7713212617
10.8514361567,106.7713405933
10.8514355867,106.7713415700
10.8514350533,106.7713425467
10.8514345033,106.7713435717
10.8514263683,106.7713703367
10.8514261900,106.7713715650
10.8514259600,106.7713727817
10.8514258267,106.7713739417
10.8514256500,106.7713751350
10.8514215000,106.7714020333
10.8514212117,106.7714033300
10.8514209233,106.7714046617
10.8514206150,106.7714059883
10.8514204817,106.7714073483
10.8514138517,106.7714396650
10.8514135167,106.7714411150
10.8514131317,106.7714425950
10.8514127517,106.7714440800
10.8514124217,106.7714455567
10.8514041633,106.7714797200
10.8514037883,106.7714812717
10.8514033150,106.7714826433
10.8514028200,106.7714840683
10.8514023500,106.7714854583
10.8513929833,106.7715182717
10.8513926600,106.7715197183
10.8513922883,106.7715210933
10.8513919767,106.7715225600
10.8513916000,106.7715239750
10.8513826967,106.7715560633
10.8513823433,106.7715574833
10.8513819467,106.7715588533
10.8513815117,106.7715602300
10.8513810867,106.7715616317
10.8513720683,106.7715953850
10.8513716750,106.7715967700
10.8513713617,106.7715981917
10.8513711150,106.7715996267
10.8513708433,106.7716010900
10.8513616217,106.7716351867
10.8513612500,106.7716365683
10.8513608550,106.7716379583
10.8513604583,106.7716393733
10.8513600833,106.7716407417
10.8513527767,106.7716654017
10.8513523150,106.7716667517
10.8513519867,106.7716681200
10.8513516533,106.7716694900
10.8513512983,106.7716708617
10.8513418733,106.7717106317
10.8513414800,106.7717121100
10.8513410767,106.7717135467
10.8513406267,106.7717149733
10.8513402417,106.7717164700
10.8513399783,106.7717179417
10.8513320983,106.7717506533
10.8513316533,106.7717521000
10.8513312617,106.7717535633
10.8513309300,106.7717550467
10.8513305117,106.7717564583
10.8513218467,106.7717894917
10.8513215383,106.7717909633
10.8513213550,106.7717923667
10.8513210283,106.7717937683
10.8513206717,106.7717952083
10.8513144250,106.7718271233
10.8513141517,106.7718284883
10.8513138700,106.7718298717
10.8513135100,106.7718311917
10.8513132067,106.7718326333
10.8513090983,106.7718646167
10.8513088950,106.7718660200
10.8513086617,106.7718673550
10.8513084817,106.7718687367
10.8513083167,106.7718700967
10.8513026417,106.7719092083
10.8513025250,106.7719105633
10.8513023517,106.7719119083
10.8513021600,106.7719132517
10.8513019650,106.7719145733
10.8512979433,106.7719468350
10.8512977600,106.7719482000
10.8512975267,106.7719495833
10.8512973267,106.7719509683
10.8512971833,106.7719523017
10.8512970283,106.7719536583
10.8512933267,106.7719856783
10.8512931617,106.7719870750
10.8512930200,106.7719884950
10.8512928217,106.7719899483
10.8512926083,106.7719913717
10.8512889550,106.7720258017
10.8512889250,106.7720272900
10.8512888217,106.7720288483
10.8512887517,106.7720303250
10.8512885783,106.7720317967
10.8512850467,106.7720656017
10.8512850217,106.7720670350
10.8512848683,106.7720684483
10.8512847033,106.7720698800
10.8512808417,106.7721033683
10.8512807483,106.7721047667
10.8512805867,106.7721061817
10.8512803700,106.7721075833
10.8512801650,106.7721089467
10.8512799950,106.7721103150
10.8512762700,106.7721417433
10.8512760367,106.7721430917
10.8512759283,106.7721445467
10.8512757700,106.7721458783
10.8512756183,106.7721473183
10.8512719183,106.7721793700
10.8512717300,106.7721807950
10.8512715217,106.7721822467
10.8512713867,106.7721835383
10.8512712983,106.7721849800
10.8512671233,106.7722169833
10.8512669850,106.7722183533
10.8512668550,106.7722197883
10.8512667667,106.7722211517
10.8512627200,106.7722547617
10.8512625767,106.7722561917
10.8512623983,106.7722576167
10.8512621533,106.7722589800
10.8512619050,106.7722603350
10.8512617533,106.7722617883
10.8512583967,106.7722942050
10.8512581300,106.7722956117
10.8512578933,106.7722969217
10.8512576917,106.7722982833
10.8512547567,106.7723318350
10.8512545800,106.7723332583
10.8512543983,106.7723345967
10.8512542900,106.7723359733
10.8512540600,106.7723373633
10.8512539067,106.7723387633
10.8512506517,106.7723708167
10.8512505167,106.7723721950
10.8512504050,106.7723736533
10.8512503250,106.7723750850
10.8512500733,106.7723764500
10.8512463783,106.7724087983
10.8512461650,106.7724102183
10.8512459733,106.7724115617
10.8512457750,106.7724129317
10.8512457283,106.7724143450
10.8512409317,106.7724457483
10.8512408033,106.7724470867
10.8512407383,106.7724484967
10.8512406333,106.7724498483
10.8512369883,106.7724826133
10.8512368783,106.7724839850
10.8512368183,106.7724853400
10.8512366617,106.7724867333
10.8512365583,106.7724881067
10.8512328117,106.7725198017
10.8512326883,106.7725211867
10.8512326000,106.7725225617
10.8512323783,106.7725239333
10.8512323450,106.7725252800
10.8512283667,106.7725581717
10.8512282167,106.7725594817
10.8512281283,106.7725608917
10.8512280817,106.7725622050
10.8512279500,106.7725635533
10.8512277550,106.7725648633
10.8512241417,106.7725963150
10.8512240933,106.7725977467
10.8512240117,106.7725991833
10.8512238133,106.7726006650
10.8512236017,106.7726020383
10.8512195600,106.7726353033
10.8512193400,106.7726367750
10.8512190550,106.7726381767
10.8512187167,106.7726395533
10.8512133617,106.7726739283
10.8512131050,106.7726753517
10.8512129100,106.7726768417
10.8512126667,106.7726782717
10.8512125750,106.7726797567
10.8512072983,106.7727142183
10.8512069567,106.7727156850
10.8512067667,106.7727171217
10.8512066317,106.7727186217
10.8512064300,106.7727201717
10.8512062700,106.7727216567
10.8512017533,106.7727552967
10.8512015783,106.7727568333
10.8512013800,106.7727583483
10.8512011983,106.7727598650
10.8512011133,106.7727613900
10.8511971717,106.7727978583
10.8511971133,106.7727994833
10.8511969433,106.7728009383
10.8511968533,106.7728024733
10.8511967517,106.7728040133
10.8511934883,106.7728377250
10.8511933683,106.7728392650
10.8511932150,106.7728408350
10.8511930767,106.7728423433
10.8511929667,106.7728438533
10.8511892867,106.7728811833
10.8511892250,106.7728828300
10.8511890633,106.7728844700
10.8511890483,106.7728861367
10.8511847983,106.7729263933
10.8511846617,106.7729279467
10.8511844883,106.7729296633
10.8511843817,106.7729313383
10.8511841117,106.7729329383
10.8511839900,106.7729345983
10.8511788517,106.7729730383
10.8511785250,106.7729747717
10.8511782983,106.7729764817
10.8511780950,106.7729781483
10.8511735550,106.7730187967
10.8511733533,106.7730205933
10.8511730850,106.7730222833
10.8511728233,106.7730240300
10.8511724683,106.7730257433
10.8511722667,106.7730275467
10.8511669900,106.7730679950
10.8511668450,106.7730698667
10.8511669733,106.7730718200
10.8511672067,106.7730736433
10.8511626033,106.7731134917
10.8511625167,106.7731150183
10.8511622883,106.7731165750
10.8511620417,106.7731181133
10.8511617883,106.7731197100
10.8511593033,106.7731549650
10.8511591333,106.7731564650
10.8511589017,106.7731579850
10.8511589300,106.7731595000
10.8511588433,106.7731609550
10.8511547883,106.7731959367
10.8511545033,106.7731973867
10.8511543700,106.7731988333
10.8511543550,106.7732002833
10.8511541400,106.7732017500
10.8511520617,106.7732352217
10.8511521033,106.7732366433
10.8511521183,106.7732380833
10.8511520967,106.7732394533
10.8511521000,106.7732408633
10.8511591750,106.7732735250
10.8511597967,106.7732747433
10.8511604167,106.7732760233
10.8511610417,106.7732771917
10.8511615167,106.7732784350
10.8511623517,106.7732795300
10.8511825033,106.7733015067
10.8511834400,106.7733023283
10.8511845467,106.7733031217
10.8511855583,106.7733039333
10.8512143217,106.7733168750
10.8512155967,106.7733171967
10.8512169033,106.7733174683
10.8512181767,106.7733176983
10.8512194750,106.7733181033
10.8512208183,106.7733183783
10.8512525083,106.7733238933
10.8512540083,106.7733240350
10.8512554867,106.7733242967
10.8512569033,106.7733244250
10.8512584483,106.7733246867
10.8513015033,106.7733288167
10.8513029450,106.7733288917
10.8513044750,106.7733291150
10.8513059567,106.7733293283
10.8513074600,106.7733294983
10.8513087883,106.7733296050
10.8513422583,106.7733318367
10.8513437150,106.7733320150
10.8513450833,106.7733321450
10.8513465233,106.7733322600
10.8513479450,106.7733324150
10.8513811917,106.7733358583
10.8513826683,106.7733360383
10.8513841300,106.7733361167
10.8513856383,106.7733363200
10.8513871417,106.7733364317
10.8513885767,106.7733365767
10.8514304367,106.7733413417
10.8514319883,106.7733416167
10.8514335183,106.7733417633
10.8514350167,106.7733419633
10.8514365617,106.7733422250
10.8514720683,106.7733472033
10.8514736633,106.7733474067
10.8514752433,106.7733476317
10.8514768217,106.7733478550
10.8514784117,106.7733480750
10.8515155550,106.7733530467
10.8515171900,106.7733532400
10.8515188250,106.7733534133
10.8515204300,106.7733536650
10.8515598967,106.7733577850
10.8515615400,106.7733579417
10.8515631550,106.7733580833
10.8515647833,106.7733582483
10.8515664717,106.7733584350
10.8515680817,106.7733586900
10.8516054050,106.7733631183
10.8516070133,106.7733633000
10.8516086600,106.7733634800
10.8516102267,106.7733637183
10.8516118200,106.7733638967
10.8516489500,106.7733676983
10.8516505817,106.7733679350
10.8516521333,106.7733682350
10.8516537350,106.7733684467
10.8516928050,106.7733729750
10.8516943917,106.7733730450
10.8516959833,106.7733733433
10.8516976583,106.7733734433
10.8516991783,106.7733736733
10.8517378967,106.7733773150
10.8517394533,106.7733774733
10.8517410717,106.7733775900
10.8517426283,106.7733777117
10.8517442250,106.7733778633
10.8517814083,106.7733816367
10.8517829133,106.7733818150
10.8517844517,106.7733819683
10.8517860617,106.7733821500
10.8517875833,106.7733823333
10.8517892467,106.7733825183
10.8518264617,106.7733869250
10.8518280767,106.7733870317
10.8518296967,106.7733873333
10.8518313100,106.7733875150
10.8518682650,106.7733913683
10.8518697300,106.7733914883
10.8518711383,106.7733916783
10.8518725700,106.7733918400
10.8518739983,106.7733920033
10.8519068017,106.7733948617
10.8519080833,106.7733948900
10.8519093783,106.7733949467
10.8519107150,106.7733950183
10.8519120150,106.7733951200
10.8519434650,106.7733980183
10.8519448033,106.7733980950
10.8519461367,106.7733981950
10.8519474800,106.7733982867
10.8519487600,106.7733984650
10.8519818083,106.7734022617
10.8519832617,106.7734024433
10.8519846567,106.7734026500
10.8519861100,106.7734028767
10.8519876000,106.7734031833
10.8520162817,106.7734071000
10.8520178883,106.7734073300
10.8520193617,106.7734075350
10.8520209483,106.7734078350
10.8520224817,106.7734080583
10.8520587933,106.7734128117
10.8520603600,106.7734129617
10.8520619817,106.7734131683
10.8520635933,106.7734133617
10.8520652033,106.7734135550
10.8521032000,106.7734185333
10.8521049033,106.7734188067
10.8521066167,106.7734190600
10.8521083417,106.7734193000
10.8521101300,106.7734196500
10.8521494567,106.7734233517
10.8521511950,106.7734236433
10.8521528933,106.7734238217
10.8521546100,106.7734240883
10.8521948150,106.7734288683
10.8521963483,106.7734290500
10.8521980417,106.7734292617
10.8521997150,106.7734295450
10.8522012917,106.7734299617
10.8522394067,106.7734301517
10.8522409550,106.7734299317
10.8522425333,106.7734297483
10.8522440700,106.7734293850
10.8522454933,106.7734290233
10.8522740650,106.7734096933
10.8522749267,106.7734084400
10.8522757383,106.7734072167
10.8522764267,106.7734059183
10.8522770417,106.7734045583
10.8522902233,106.7733715367
10.8522905617,106.7733699167
10.8522909050,106.7733684033
10.8522913317,106.7733668300
10.8522915967,106.7733652650
10.8522970300,106.7733303017
10.8522972583,106.7733290117
10.8522974550,106.7733277267
10.8522976183,106.7733264317
10.8522977083,106.7733252000
10.8522978750,106.7733239333
10.8523003517,106.7732964533
10.8523004717,106.7732953050
10.8523006017,106.7732941450
10.8523007117,106.7732929767
10.8523027767,106.7732659400
10.8523028633,106.7732648767
10.8523029550,106.7732637083
10.8523030533,106.7732625800
10.8523032117,106.7732613917
10.8523032583,106.7732602150
10.8523064067,106.7732322017
10.8523065733,106.7732309133
10.8523066933,106.7732296617
10.8523067983,106.7732283883
10.8523103250,106.7731968733
10.8523105017,106.7731955350
10.8523106183,106.7731942150
10.8523107400,106.7731928683
10.8523109183,106.7731914567
10.8523110950,106.7731902183
10.8523143917,106.7731581067
10.8523145217,106.7731566733
10.8523146783,106.7731552400
10.8523148450,106.7731538383
10.8523150050,106.7731524533
10.8523187050,106.7731196017
10.8523189133,106.7731181367
10.8523190467,106.7731167500
10.8523192483,106.7731153433
10.8523193717,106.7731138400
10.8523232167,106.7730798967
10.8523232833,106.7730785100
10.8523234983,106.7730770217
10.8523237150,106.7730754967
10.8523240017,106.7730740917
10.8523287483,106.7730313867
10.8523289200,106.7730299633
10.8523291467,106.7730284667
10.8523294283,106.7730270733
10.8523295450,106.7730256367
10.8523297033,106.7730242233
10.8523328650,106.7729925000
10.8523330750,106.7729911817
10.8523332667,106.7729898033
10.8523334183,106.7729884633
10.8523360150,106.7729546750
10.8523359550,106.7729533600
10.8523363033,106.7729519033
10.8523363133,106.7729503900
10.8523363883,106.7729490350
10.8523366033,106.7729477650
10.8523400600,106.7729159617
10.8523400317,106.7729145050
10.8523401967,106.7729132150
10.8523404067,106.7729119050
10.8523406200,106.7729105650
10.8523481183,106.7728799000
10.8523486367,106.7728786217
10.8523492050,106.7728773717
10.8523497367,106.7728760417
10.8523501917,106.7728747267
10.8523690983,106.7728472967
10.8523700417,106.7728462917
10.8523709850,106.7728452850
10.8523719133,106.7728443800
10.8523980850,106.7728305683
10.8523991583,106.7728302983
10.8524002050,106.7728300367
10.8524012783,106.7728297683
10.8524023800,106.7728294883
10.8524034250,106.7728292017
10.8524303667,106.7728269317
10.8524315767,106.7728269283
10.8524327533,106.7728268800
10.8524338983,106.7728269933
10.8524350850,106.7728270383
10.8524627350,106.7728284767
10.8524639783,106.7728285517
10.8524652333,106.7728286683
10.8524665100,106.7728287650
10.8524677100,106.7728288150
10.8524967583,106.7728321817
10.8524980483,106.7728322917
10.8524993817,106.7728324483
10.8525006983,106.7728326400
10.8525020483,106.7728327800
10.8525344833,106.7728364650
10.8525358617,106.7728366467
10.8525372817,106.7728367400
10.8525387433,106.7728368417
10.8525726217,106.7728413300
10.8525740383,106.7728414750
10.8525754567,106.7728417050
10.8525769183,106.7728419100
10.8525783683,106.7728421017
10.8526132933,106.7728460400
10.8526148033,106.7728462817
10.8526163233,106.7728463200
10.8526177233,106.7728465633
10.8526191717,106.7728466333
10.8526206850,106.7728468267
10.8526554933,106.7728502133
10.8526569667,106.7728503767
10.8526584567,106.7728505100
10.8526599417,106.7728507467
10.8526615000,106.7728508450
10.8526965000,106.7728542700
10.8526980250,106.7728543633
10.8526995533,106.7728545400
10.8527010750,106.7728546983
10.8527026017,106.7728548267
10.8527390467,106.7728588017
10.8527406117,106.7728589483
10.8527421100,106.7728591500
10.8527436250,106.7728593200
10.8527809700,106.7728636067
10.8527825317,106.7728638800
10.8527841200,106.7728640550
10.8527856383,106.7728642617
10.8527871900,106.7728643883
10.8528237167,106.7728690933
10.8528252550,106.7728693617
10.8528267617,106.7728694983
10.8528282617,106.7728696983
10.8528298133,106.7728699033
10.8528690083,106.7728745317
10.8528706400,106.7728746550
10.8528722517,106.7728747783
10.8528738683,106.7728749683
10.8528754567,106.7728751700
10.8528770533,106.7728753783
10.8529144233,106.7728797950
10.8529160050,106.7728800450
10.8529176250,106.7728801983
10.8529193017,106.7728802483
10.8529209783,106.7728803900
10.8529603233,106.7728839333
10.8529619400,106.7728841833
10.8529636317,106.7728844067
10.8529652317,106.7728846717
10.8530046467,106.7728892933
10.8530062733,106.7728893833
10.8530079350,106.7728895350
10.8530095767,106.7728896583
10.8530111883,106.7728899433
10.8530509833,106.7728951250
10.8530526117,106.7728952050
10.8530542933,106.7728953550
10.8530559583,106.7728954550
10.8530576050,106.7728956317
10.8530957083,106.7729002700
10.8530972550,106.7729004667
10.8530988700,106.7729006333
10.8531003783,106.7729007750
10.8531018833,106.7729009100
10.8531034733,106.7729011000
10.8514116067,106.7713097317
10.8514096650,106.7713096700
10.8514075500,106.7713100217
10.8514056183,106.7713102400
10.8514038383,106.7713102600
10.8513565483,106.7713093533
10.8513542983,106.7713093433
10.8513521033,106.7713094150
10.8513498350,106.7713092833
10.8513477017,106.7713091917
10.8512956083,106.7713091600
10.8512934150,106.7713092217
10.8512911633,106.7713092533
10.8512886933,106.7713092367
10.8512863483,106.7713093133
10.8512840417,106.7713091300
10.8512349100,106.7713069800
10.8512327467,106.7713069000
10.8512305650,106.7713067550
10.8512284750,106.7713065000
10.8512262900,106.7713064283
10.8511647017,106.7713020383
10.8511624233,106.7713018833
10.8511600850,106.7713018050
10.8511578200,106.7713014867
10.8511555533,106.7713012617
10.8511532817,106.7713011067
10.8510981550,106.7712945183
10.8510957967,106.7712941200
10.8510933267,106.7712938050
10.8510909383,106.7712935200
10.8510883583,106.7712932783
10.8510313833,106.7712884717
10.8510288700,106.7712883400
10.8510264150,106.7712880767
10.8510239017,106.7712877933
10.8510213800,106.7712875633
10.8509663233,106.7712846667
10.8509640683,106.7712844450
10.8509616933,106.7712842400
10.8509594450,106.7712840500
10.8509076033,106.7712796400
10.8509054317,106.7712794717
10.8509033217,106.7712792667
10.8509011217,106.7712790967
10.8508988883,106.7712788867
10.8508507783,106.7712800933
10.8508487100,106.7712804517
10.8508467000,106.7712808700
10.8508447900,106.7712812433
10.8508428233,106.7712815367
10.8508007200,106.7713016950
10.8507991550,106.7713027283
10.8507975267,106.7713041250
10.8507961883,106.7713057083
10.8507947617,106.7713071433
10.8507656633,106.7713421017
10.8507650467,106.7713437467
10.8507644283,106.7713454083
10.8507636983,106.7713470050
10.8507630767,106.7713485683
10.8507580733,106.7713883183
10.8507579583,106.7713901433
10.8507579333,106.7713918667
10.8507581433,106.7713937833
10.8507580833,106.7713954833
10.8507582067,106.7713973833
10.8507598883,106.7714413183
10.8507599600,106.7714436233
10.8507602633,106.7714457617
10.8507604183,106.7714480767
10.8507641917,106.7714952550
10.8507646317,106.7714968617
10.8507648417,106.7714984850
10.8512347783,106.7726560667
10.8512353450,106.7726572333
10.8512360333,106.7726584117
10.8512368333,106.7726595267
10.8512375783,106.7726606100
10.8512633333,106.7726822250
10.8512647117,106.7726829433
10.8512660200,106.7726834650
10.8512673717,106.7726841633
10.8512687400,106.7726848633
10.8512701683,106.7726855500
10.8513055683,106.7726947100
10.8513071050,106.7726948700
10.8513089083,106.7726950617
10.8513104117,106.7726954250
10.8513505650,106.7727004717
10.8513522383,106.7727004333
10.8513538033,106.7727005850
10.8513554383,106.7727006067
10.8513572133,106.7727007733
10.8513977050,106.7727052133
10.8513994117,106.7727053717
10.8514011567,106.7727055617
10.8514029600,106.7727056433
10.8514047433,106.7727057683
10.8514467417,106.7727100600
10.8514484600,106.7727102600
10.8514502183,106.7727104583
10.8514519917,106.7727106350
10.8514537933,106.7727108883
10.8514968883,106.7727161983
10.8514986283,106.7727164317
10.8515005350,106.7727164000
10.8515024050,106.7727164700
10.8515042600,106.7727167267
10.8515059767,106.7727170600
10.8515474367,106.7727218333
10.8515492183,106.7727219800
10.8515509917,106.7727222233
10.8515527733,106.7727224767
10.8515545600,106.7727227717
10.8516049967,106.7727289817
10.8516068150,106.7727291267
10.8516086867,106.7727292833
10.8516105233,106.7727294817
10.8516123783,106.7727297517
10.8516141683,106.7727300150
10.8516562267,106.7727349483
10.8516580617,106.7727351183
10.8516599100,106.7727353550
10.8516617133,106.7727355567
10.8517042133,106.7727395217
10.8517059200,106.7727397133
10.8517076117,106.7727399733
10.8517093317,106.7727401433
10.8517110200,106.7727402933
10.8517127350,106.7727404650
10.8517601500,106.7727462583
10.8517618333,106.7727464933
10.8517636117,106.7727466817
10.8517653583,106.7727468600
10.8517670850,106.7727471683
10.8517687900,106.7727474217
10.8518087100,106.7727522450
10.8518104600,106.7727524000
10.8518121983,106.7727525767
10.8518139317,106.7727528383
10.8518156517,106.7727531517
10.8518554467,106.7727584633
10.8518571783,106.7727586083
10.8518589467,106.7727588600
10.8518607300,106.7727591233
10.8518624150,106.7727594200
10.8519030117,106.7727641333
10.8519048083,106.7727643267
10.8519065533,106.7727644650
10.8519084267,106.7727646500
10.8519102667,106.7727648567
10.8519529933,106.7727691100
10.8519548850,106.7727691933
10.8519568683,106.7727694200
10.8519587083,106.7727697750
10.8519606167,106.7727700900
10.8520058617,106.7727756750
10.8520076050,106.7727761100
10.8520094933,106.7727762417
10.8520113850,106.7727764100
10.8520131933,106.7727765717
10.8520559567,106.7727824517
10.8520579033,106.7727828117
10.8520598600,106.7727830000
10.8520616417,106.7727830033
10.8521073367,106.7727876100
10.8521091583,106.7727877017
10.8521111033,106.7727877883
10.8521130267,106.7727880683
10.8521148883,106.7727882017
10.8521168200,106.7727883650
10.8521714483,106.7727942250
10.8521735133,106.7727943900
10.8521754650,106.7727947050
10.8521774867,106.7727949217
10.8521794250,106.7727950733
10.8522258467,106.7728001200
10.8522278467,106.7728001917
10.8522296733,106.7728003033
10.8522316733,106.7728004583
10.8522335717,106.7728006083
10.8522788900,106.7728058950
10.8522808683,106.7728062133
10.8522828817,106.7728065250
10.8522847383,106.7728068417
10.8522866983,106.7728073133
10.8512364850,106.7724799233
10.8512362283,106.7724814767
10.8512360100,106.7724832183
10.8512357650,106.7724849633
10.8512312050,106.7725263333
10.8512311367,106.7725279750
10.8512311383,106.7725298350
10.8512310033,106.7725315150
10.8512308367,106.7725333850
10.8512305883,106.7725350783
10.8512276700,106.7725743250
10.8512275250,106.7725760367
10.8512273600,106.7725776433
10.8512272583,106.7725793517
10.8512261067,106.7726187783
10.8512261717,106.7726203200
10.8512263383,106.7726218583
10.8512264267,106.7726233300
10.8512265817,106.7726247917
10.8522886400,106.7728076050
10.8523334733,106.7728148017
10.8523355167,106.7728150500
10.8523372817,106.7728152517
10.8523392833,106.7728153017
10.8523411767,106.7728157100
10.8523852933,106.7728199083
10.8523872150,106.7728201233
10.8523891983,106.7728203717
10.8523910483,106.7728207233
10.8524353650,106.7728255950
10.8524372917,106.7728257917
10.8524390250,106.7728259550
10.8524408350,106.7728261400
10.8524426683,106.7728263450
10.8524871400,106.7728312067
10.8524889950,106.7728314683
10.8524908417,106.7728317150
10.8524927367,106.7728317667
10.8524945867,106.7728318217
10.8524964217,106.7728320200
10.8532134409,106.7715074441
10.8532130400,106.7715073291
10.8532125992,106.7715073250
10.8532122159,106.7715072766
10.8532118317,106.7715072083
10.8532134534,106.7715074792
10.8532130525,106.7715073641
10.8532126117,106.7715073600
10.8532118650,106.7715072516
10.8532126517,106.7715073683
10.8532122684,106.7715073200
10.8532118717,106.7715072366
10.8532130709,106.7715073483
10.8532104492,106.7715071842
10.8532100484,106.7715070691
10.8532096075,106.7715070650
10.8532092242,106.7715070166
10.8532088400,106.7715069483
10.8532101600,106.7715071758
10.8532097592,106.7715070608
10.8532093183,106.7715070567
10.8532089350,106.7715070083
10.8532085508,106.7715069400
10.8532098409,106.7715071733
10.8532094400,106.7715070583
10.8532089992,106.7715070542
10.8532086159,106.7715070058
10.8532082317,106.7715069375
10.8532087333,106.7715070208
10.8532083500,106.7715069725
10.8532079658,106.7715069041
10.8532080434,106.7715069584
10.8532076592,106.7715068900
10.8532081167,106.7715069483
10.8532073492,106.7715068316
10.8531905142,106.7715050183
10.8531901459,106.7715049417
10.8531898600,106.7715050400
10.8531893917,106.7715049950
10.8531890350,106.7715050283
10.8531901617,106.7715050216
10.8531897934,106.7715049450
10.8531895075,106.7715050433
10.8531886825,106.7715050316
10.8531898125,106.7715050000
10.8531894442,106.7715049233
10.8531891583,106.7715050216
10.8531883333,106.7715050100
10.8531890300,106.7715048833
10.8531882759,106.7715049367
10.8531879192,106.7715049700
10.8531886059,106.7715048967
10.8531878517,106.7715049500
10.8531874950,106.7715049833
10.8531708475,106.7715031592
10.8531704475,106.7715030950
10.8531700867,106.7715030658
10.8531697075,106.7715030308
10.8531693417,106.7715030275
10.8531704567,106.7715031041
10.8531700567,106.7715030400
10.8531689509,106.7715029725
10.8531689383,106.7715029175
10.8531685725,106.7715029142
10.8531697267,106.7715029458
10.8531693267,106.7715028817
10.8531689659,106.7715028525
10.8531685867,106.7715028175
10.8531682209,106.7715028142
10.8531678234,106.7715027967
10.8531478725,106.7715008725
10.8531474334,106.7715008358
10.8531470209,106.7715007884
10.8531466084,106.7715007191
10.8531474717,106.7715007575
10.8531470325,106.7715007208
10.8531462075,106.7715006041
10.8531457900,106.7715004925
10.8531461792,106.7715006692
10.8531457667,106.7715006000
10.8531453492,106.7715004883
10.8531449000,106.7715004725
10.8531453834,106.7715005516
10.8531449659,106.7715004400
10.8531445167,106.7715004241
10.8531462633,106.7715006366
10.8531449992,106.7715004833
10.8531445817,106.7715003716
10.8531441325,106.7715003558
10.8531253067,106.7714975675
10.8531248675,106.7714974783
10.8531244992,106.7714974017
10.8531240542,106.7714973734
10.8531246525,106.7714975891
10.8531242133,106.7714975000
10.8531237683,106.7714974716
10.8531237450,106.7714974550
10.8531233000,106.7714974266
10.8531228550,106.7714973666
10.8531238275,106.7714975775
10.8531233883,106.7714974883
10.8531229433,106.7714974600
10.8531224983,106.7714974000
10.8531219942,106.7714973475
10.8530877258,106.7714934741
10.8530872708,106.7714934258
10.8530868200,106.7714933150
10.8530863758,106.7714932441
10.8530859317,106.7714932191
10.8530868317,106.7714933892
10.8530863809,106.7714932783
10.8530854925,106.7714931825
10.8530859684,106.7714932308
10.8530850800,106.7714931350
10.8530846675,106.7714930658
10.8530842500,106.7714929541
10.8530628700,106.7714896625
10.8530624217,106.7714895608
10.8530619067,106.7714895733
10.8530614584,106.7714895266
10.8530609025,106.7714894116
10.8530619825,106.7714894717
10.8530610192,106.7714894375
10.8530604633,106.7714893225
10.8530615375,106.7714894433
10.8530610225,106.7714894558
10.8530605742,106.7714894091
10.8530600183,106.7714892942
10.8530610925,106.7714893833
10.8530601292,106.7714893491
10.8530595733,106.7714892341
10.8530605884,106.7714893308
10.8530596250,106.7714892967
10.8530590692,106.7714891816
10.8530346542,106.7714863016
10.8530341833,106.7714861466
10.8530337025,106.7714860541
10.8530331383,106.7714860700
10.8530342142,106.7714861933
10.8530337433,106.7714860383
10.8530332625,106.7714859458
10.8530326983,106.7714859616
10.8530337592,106.7714861450
10.8530332883,106.7714859900
10.8530328075,106.7714858975
10.8530322433,106.7714859133
10.8530323567,106.7714857867
10.8530317925,106.7714858025
10.8530319125,106.7714857158
10.8530313483,106.7714857316
10.8530309042,106.7714857066
10.8530070542,106.7714821358
10.8530064500,106.7714820416
10.8530058742,106.7714819475
10.8530052533,106.7714819166
10.8530046667,106.7714818733
10.8530040950,106.7714818191
10.8530066059,106.7714820342
10.8530060017,106.7714819400
10.8530054259,106.7714818458
10.8530048050,106.7714818150
10.8530036467,106.7714817175
10.8530060909,106.7714820467
10.8530054867,106.7714819525
10.8530049109,106.7714818583
10.8530042900,106.7714818275
10.8530037034,106.7714817842
10.8530031317,106.7714817300
10.8530056425,106.7714820000
10.8530050384,106.7714819058
10.8530044625,106.7714818117
10.8530038417,106.7714817808
10.8530032550,106.7714817375
10.8530026834,106.7714816833
10.8530039067,106.7714816966
10.8530026992,106.7714816225
10.8530021275,106.7714815683
10.8529777159,106.7714786875
10.8529771400,106.7714786641
10.8529765517,106.7714785966
10.8529759584,106.7714784716
10.8529754259,106.7714784683
10.8529772450,106.7714785325
10.8529766692,106.7714785092
10.8529760808,106.7714784416
10.8529754875,106.7714783166
10.8529749550,106.7714783133
10.8529767642,106.7714784400
10.8529761884,106.7714784167
10.8529756000,106.7714783492
10.8529750067,106.7714782242
10.8529744742,106.7714782208
10.8529762000,106.7714784559
10.8529756242,106.7714784325
10.8529750358,106.7714783650
10.8529744425,106.7714782400
10.8529739100,106.7714782366
10.8529450975,106.7714746642
10.8529444042,106.7714746058
10.8529444934,106.7714745700
10.8529438000,106.7714745116
10.8529432509,106.7714744216
10.8529439175,106.7714744758
10.8529432242,106.7714744175
10.8529426750,106.7714743275
10.8529422184,106.7714741691
10.8529426033,106.7714743866
10.8529420542,106.7714742966
10.8529415975,106.7714741383
10.8529409917,106.7714739533
10.8529427100,106.7714744017
10.8529420167,106.7714743433
10.8529414675,106.7714742533
10.8529410109,106.7714740950
10.8529404050,106.7714739100
10.8529414450,106.7714742891
10.8529408959,106.7714741991
10.8529404392,106.7714740408
10.8529398334,106.7714738558
10.8529133792,106.7714708067
10.8529128034,106.7714707833
10.8529122284,106.7714707525
10.8529122150,106.7714707158
10.8529116400,106.7714706850
10.8529111183,106.7714706758
10.8529116217,106.7714705909
10.8529110467,106.7714705600
10.8529105250,106.7714705508
10.8529099759,106.7714704966
10.8529110892,106.7714705875
10.8529094434,106.7714704933
10.8529088675,106.7714704041
10.8528806050,106.7714673225
10.8528800009,106.7714671817
10.8528794350,106.7714671300
10.8528789009,106.7714670525
10.8528783659,106.7714669800
10.8528778134,106.7714669025
10.8528799117,106.7714672641
10.8528793075,106.7714671233
10.8528787417,106.7714670716
10.8528782075,106.7714669941
10.8528776725,106.7714669217
10.8528771200,106.7714668441
10.8528793625,106.7714671741
10.8528787584,106.7714670333
10.8528765709,106.7714667541
10.8528789059,106.7714670158
10.8528783017,106.7714668750
10.8528777359,106.7714668233
10.8528772017,106.7714667458
10.8528766667,106.7714666733
10.8528761142,106.7714665958
10.8528783000,106.7714668308
10.8528776959,106.7714666900
10.8528771300,106.7714666383
10.8528765959,106.7714665608
10.8528760609,106.7714664883
10.8528755084,106.7714664108
10.8528484400,106.7714632634
10.8528477942,106.7714632425
10.8528471934,106.7714631367
10.8528465959,106.7714630642
10.8528459884,106.7714630208
10.8528478650,106.7714632325
10.8528472192,106.7714632116
10.8528454134,106.7714629900
10.8528473433,106.7714632233
10.8528466975,106.7714632025
10.8528460967,106.7714630967
10.8528454992,106.7714630242
10.8528448917,106.7714629808
10.8528467942,106.7714631691
10.8528449500,106.7714629700
10.8528443425,106.7714629267
10.8528462183,106.7714630800
10.8528455725,106.7714630592
10.8528443742,106.7714628808
10.8528437667,106.7714628375
10.8528173292,106.7714599350
10.8528166900,106.7714599108
10.8528160134,106.7714599000
10.8528153475,106.7714598216
10.8528167250,106.7714597942
10.8528160859,106.7714597700
10.8528154092,106.7714597592
10.8528147434,106.7714596809
10.8528140934,106.7714596117
10.8528161592,106.7714597425
10.8528155200,106.7714597183
10.8528148434,106.7714597075
10.8528141775,106.7714596291
10.8528135275,106.7714595600
10.8528156250,106.7714596650
10.8528149859,106.7714596408
10.8528143092,106.7714596300
10.8528136434,106.7714595516
10.8528129934,106.7714594825
10.8528150900,106.7714595925
10.8528144509,106.7714595683
10.8528137742,106.7714595575
10.8528131084,106.7714594792
10.8528124584,106.7714594100
10.8528145375,106.7714595150
10.8528138984,106.7714594908
10.8528132217,106.7714594800
10.8528125559,106.7714594016
10.8528119059,106.7714593325
10.8527838692,106.7714560300
10.8527832234,106.7714560092
10.8527825684,106.7714559816
10.8527826225,106.7714559034
10.8527819675,106.7714558759
10.8527812842,106.7714558242
10.8527820250,106.7714558308
10.8527813700,106.7714558033
10.8527806867,106.7714557517
10.8527800150,106.7714556509
10.8527807625,106.7714557600
10.8527800792,106.7714557084
10.8527794075,106.7714556075
10.8527787609,106.7714555200
10.8525895517,106.7714333058
10.8525888742,106.7714332500
10.8525881950,106.7714331500
10.8525284309,106.7714266842
10.8523882392,106.7714116433
10.8523516992,106.7714073042
10.8522001567,106.7713910833
10.8521660642,106.7713874733
10.8521653842,106.7713873100
10.8521647175,106.7713871441
10.8521640525,106.7713870966
10.8521654209,106.7713874691
10.8521647409,106.7713873058
10.8521634092,106.7713870925
10.8521627059,106.7713869241
10.8521647542,106.7713873758
10.8521640742,106.7713872125
10.8521634075,106.7713870466
10.8521627425,106.7713869991
10.8521620392,106.7713868308
10.8521641792,106.7713873116
10.8521634992,106.7713871484
10.8521628325,106.7713869825
10.8521621675,106.7713869350
10.8521614642,106.7713867666
10.8521635884,106.7713872391
10.8521629084,106.7713870758
10.8521615767,106.7713868625
10.8521608734,106.7713866941
10.8521629567,106.7713872575
10.8521622767,106.7713870942
10.8521609450,106.7713868809
10.8521602417,106.7713867125
10.8521310959,106.7713840941
10.8521304434,106.7713840350
10.8521305009,106.7713841466
10.8521298484,106.7713840875
10.8521292275,106.7713840158
10.8521299000,106.7713840316
10.8521286267,106.7713839008
10.8521279442,106.7713838116
10.8521292709,106.7713839600
10.8521279975,106.7713838291
10.8521273150,106.7713837400
10.8521266584,106.7713835958
10.8520969759,106.7713800058
10.8520963092,106.7713798400
10.8520956925,106.7713797025
10.8520956442,106.7713797925
10.8520950275,106.7713796550
10.8520943609,106.7713795450
10.8520949409,106.7713796242
10.8520943242,106.7713794866
10.8520936575,106.7713793767
10.8520929784,106.7713793908
10.8520628842,106.7713759408
10.8520622842,106.7713758566
10.8520622317,106.7713758817
10.8520616317,106.7713757975
10.8520609559,106.7713757792
10.8520610108,106.7713757258
10.8520603350,106.7713757075
10.8520597183,106.7713755850
10.8520609283,106.7713757209
10.8520603283,106.7713756366
10.8520590358,106.7713754959
10.8520583758,106.7713754283
10.8520596717,106.7713754925
10.8520577192,106.7713752842
10.8520571400,106.7713752158
10.8520283925,106.7713716400
10.8520277425,106.7713715484
10.8520277758,106.7713715025
10.8520271258,106.7713714108
10.8520265117,106.7713713416
10.8520258450,106.7713712316
10.8520252017,106.7713711783
10.8520264300,106.7713714066
10.8520257800,106.7713713150
10.8520245225,106.7713711925
10.8520239142,106.7713711725
10.8520257983,106.7713714608
10.8520251483,106.7713713692
10.8520245342,106.7713713000
10.8520232825,106.7713712267
10.8519948458,106.7713678942
10.8519942100,106.7713678050
10.8519936100,106.7713677208
10.8519929992,106.7713676541
10.8519935700,106.7713677917
10.8519929342,106.7713677025
10.8519923234,106.7713676358
10.8519916875,106.7713675200
10.8519910850,106.7713674475
10.8519904683,106.7713673250
10.8519910467,106.7713674458
10.8519904108,106.7713673300
10.8519898083,106.7713672575
10.8519904675,106.7713673775
10.8519892292,106.7713671891
10.8519607325,106.7713638775
10.8519601275,106.7713637759
10.8519594642,106.7713637158
10.8519588142,106.7713636242
10.8519588634,106.7713636150
10.8519582000,106.7713635550
10.8519575000,106.7713634458
10.8519588250,106.7713636634
10.8519575567,106.7713635017
10.8519568567,106.7713633925
10.8519569484,106.7713634817
10.8519562484,106.7713633725
10.8519248842,106.7713598500
10.8519242734,106.7713597833
10.8519235684,106.7713596883
10.8519229325,106.7713595725
10.8519230350,106.7713595950
10.8519223300,106.7713595000
10.8519215483,106.7713594283
10.8516080367,106.7713228158
10.8515630608,106.7713172533
10.8514680200,106.7713263125
10.8514677350,106.7713268009
10.8514672375,106.7713263608
10.8514669525,106.7713268491
10.8514666858,106.7713273375
10.8514664700,106.7713263925
10.8514661850,106.7713268808
10.8514659183,106.7713273692
10.8514656433,106.7713278817
10.8514656950,106.7713263966
10.8514654100,106.7713268850
10.8514651433,106.7713273734
10.8514648683,106.7713278858
10.8514446308,106.7713444575
10.8514445417,106.7713450716
10.8514444267,106.7713456800
10.8514443600,106.7713462600
10.8514442717,106.7713468566
10.8514362792,106.7713141241
10.8514352217,106.7713143000
10.8514342558,106.7713144091
10.8514333658,106.7713144191
10.8514439925,106.7713447200
10.8514439034,106.7713453341
10.8514437884,106.7713459425
10.8514437217,106.7713465225
10.8514436334,106.7713471191
10.8514345834,106.7713145625
10.8514336175,106.7713146717
10.8514327275,106.7713146816
10.8514433583,106.7713449375
10.8514432692,106.7713455517
10.8514431542,106.7713461600
10.8514430875,106.7713467400
10.8514429992,106.7713473366
10.8514339492,106.7713147800
10.8514329833,106.7713148892
10.8514320933,106.7713148991
10.8514427433,106.7713451867
10.8514426542,106.7713458008
10.8514425392,106.7713464092
10.8514424725,106.7713469892
10.8514423842,106.7713475858
10.8514323683,106.7713151383
10.8514314783,106.7713151483
10.8514421533,106.7713454725
10.8514420642,106.7713460866
10.8514419492,106.7713466950
10.8514418825,106.7713472750
10.8514417942,106.7713478716
10.8514317783,106.7713154242
10.8514308883,106.7713154341
10.8514415642,106.7713457992
10.8514414750,106.7713464133
10.8514413600,106.7713470217
10.8514412934,106.7713476017
10.8514412050,106.7713481983
10.8514302992,106.7713157608
10.8514288284,106.7713713133
10.8514286842,106.7713719616
10.8514285400,106.7713726275
10.8514283859,106.7713732908
10.8514283192,106.7713739708
10.8514285434,106.7713718016
10.8514283992,106.7713724500
10.8514282550,106.7713731158
10.8514281009,106.7713737791
10.8514280342,106.7713744591
10.8514282767,106.7713722900
10.8514281325,106.7713729383
10.8514279883,106.7713736042
10.8514278342,106.7713742675
10.8514277675,106.7713749475
10.8514280017,106.7713728025
10.8514278575,106.7713734509
10.8514277133,106.7713741167
10.8514275592,106.7713747800
10.8514274925,106.7713754600
10.8514201100,106.7714050008
10.8514189875,106.7713400342
10.8514180167,106.7713400034
10.8514169592,106.7713401792
10.8514159933,106.7713402884
10.8514151033,106.7713402983
10.8514200209,106.7714056150
10.8514198534,106.7714063400
10.8514188984,106.7713406483
10.8514179275,106.7713406175
10.8514168700,106.7713407933
10.8514159042,106.7713409025
10.8514150142,106.7713409125
10.8514199059,106.7714062233
10.8514197384,106.7714069483
10.8514195459,106.7714076883
10.8514187834,106.7713412567
10.8514178125,106.7713412258
10.8514167550,106.7713414017
10.8514157892,106.7713415109
10.8514148992,106.7713415209
10.8514198392,106.7714068033
10.8514196717,106.7714075284
10.8514194792,106.7714082684
10.8514192892,106.7714090108
10.8514187167,106.7713418367
10.8514177459,106.7713418058
10.8514166884,106.7713419817
10.8514157225,106.7713420908
10.8514148325,106.7713421008
10.8514197509,106.7714074000
10.8514195834,106.7714081250
10.8514193909,106.7714088650
10.8514192009,106.7714096075
10.8514190359,106.7714103458
10.8514186284,106.7713424333
10.8514176575,106.7713424025
10.8514166000,106.7713425784
10.8514156342,106.7713426875
10.8514147442,106.7713426975
10.8513622259,106.7716310858
10.8513620692,106.7716317967
10.8513618384,106.7716324717
10.8513619459,106.7716325142
10.8513617150,106.7716331892
10.8513615509,106.7716338733
10.8513618100,106.7716332459
10.8513614150,106.7716346050
10.8513612483,106.7716352900
10.8513463775,106.7716916717
10.8513148850,106.7718299125
10.8513147834,106.7718306141
10.8512976459,106.7719501258
10.8512760417,106.7721441583
10.8512759567,106.7721448425
10.8512758625,106.7721455550
10.8512714467,106.7721814308
10.8512713708,106.7721821508
10.8512713017,106.7721828358
10.8512670534,106.7722191500
10.8512670092,106.7722198708
10.8512669375,106.7722205858
10.8512582550,106.7722968117
10.8512581667,106.7722975233
10.8512502192,106.7723730808
10.8512501425,106.7723737808
10.8512456284,106.7724104166
10.8512455025,106.7724110991
10.8512454383,106.7724117683
10.8512414317,106.7724443608
10.8512413250,106.7724450708
10.8512414808,106.7724470875
10.8512412292,106.7724457425
10.8512411008,106.7724465192
10.8512413817,106.7724477725
10.8512413267,106.7724484583
10.8512411300,106.7724464275
10.8512410017,106.7724472042
10.8512408925,106.7724480750
10.8512413583,106.7724484791
10.8512413033,106.7724491650
10.8512412733,106.7724498425
10.8512411067,106.7724471341
10.8512409783,106.7724479109
10.8512408692,106.7724487816
10.8512407467,106.7724496541
10.8512367750,106.7724841492
10.8512367225,106.7724848250
10.8512366608,106.7724855175
10.8512324625,106.7725231392
10.8512302409,106.7725470634
10.8512301684,106.7725479192
10.8512300859,106.7725487225
10.8512300350,106.7725495767
10.8512301067,106.7725486117
10.8512300242,106.7725494150
10.8512299733,106.7725502692
10.8512299800,106.7725501025
10.8512299292,106.7725509567
10.8512298692,106.7725507883
10.8512298183,106.7725516425
10.8512282434,106.7725607975
10.8512298017,106.7725523158
10.8512272367,106.7725884750
10.8512272692,106.7725892458
10.8512273525,106.7725900150
10.8512273967,106.7725907508
10.8512274742,106.7725914817
10.8512271617,106.7725891300
10.8512271942,106.7725899008
10.8512272775,106.7725906700
10.8512273217,106.7725914058
10.8512273992,106.7725921367
10.8512271175,106.7725898350
10.8512271500,106.7725906058
10.8512272333,106.7725913750
10.8512272775,106.7725921108
10.8512273550,106.7725928417
10.8512270942,106.7725904916
10.8512271267,106.7725912625
10.8512272100,106.7725920316
10.8512272542,106.7725927675
10.8512273317,106.7725934983
10.8512270284,106.7725911658
10.8512270609,106.7725919366
10.8512271442,106.7725927058
10.8512271884,106.7725934416
10.8512272659,106.7725941725
10.8512236575,106.7726000833
10.8512269309,106.7725918208
10.8512269634,106.7725925916
10.8512270467,106.7725933608
10.8512270909,106.7725940966
10.8512271684,106.7725948275
10.8512294600,106.7726261908
10.8512297434,106.7726267741
10.8512300875,106.7726273633
10.8512304875,106.7726279208
10.8512308600,106.7726284625
10.8512276734,106.7725613241
10.8512276392,106.7725621450
10.8512276400,106.7725630750
10.8512275725,106.7725639150
10.8512274892,106.7725648500
10.8512273650,106.7725656967
10.8512294358,106.7726269067
10.8512297192,106.7726274900
10.8512300633,106.7726280792
10.8512304633,106.7726286367
10.8512308358,106.7726291784
10.8512276492,106.7725620400
10.8512276150,106.7725628609
10.8512276158,106.7725637909
10.8512275483,106.7725646308
10.8512274650,106.7725655658
10.8512273408,106.7725664125
10.8512293950,106.7726276250
10.8512296784,106.7726282083
10.8512300225,106.7726287975
10.8512304225,106.7726293550
10.8512307950,106.7726298967
10.8512275742,106.7725635792
10.8512275750,106.7725645092
10.8512275075,106.7725653491
10.8512274242,106.7725662842
10.8512273000,106.7725671308
10.8512292958,106.7726283658
10.8512295792,106.7726289491
10.8512299233,106.7726295384
10.8512303233,106.7726300959
10.8512306958,106.7726306375
10.8512274758,106.7725652500
10.8512274083,106.7725660900
10.8512273250,106.7725670250
10.8512272008,106.7725678716
10.8512291900,106.7726290525
10.8512294734,106.7726296358
10.8512298175,106.7726302250
10.8512302175,106.7726307825
10.8512305900,106.7726313241
10.8512273025,106.7725667766
10.8512272192,106.7725677116
10.8512270950,106.7725685583
10.8512414467,106.7726587642
10.8512421359,106.7726591233
10.8512427900,106.7726593842
10.8512434659,106.7726597333
10.8512441500,106.7726600833
10.8512236150,106.7726048142
10.8512235425,106.7726056700
10.8512234600,106.7726064733
10.8512234092,106.7726073275
10.8512413367,106.7726595000
10.8512420259,106.7726598591
10.8512426800,106.7726601200
10.8512433559,106.7726604691
10.8512440400,106.7726608192
10.8512447542,106.7726611625
10.8512235050,106.7726055500
10.8512234325,106.7726064059
10.8512233500,106.7726072091
10.8512232992,106.7726080633
10.8512411942,106.7726602008
10.8512418834,106.7726605600
10.8512425375,106.7726608208
10.8512432134,106.7726611700
10.8512438975,106.7726615200
10.8512446117,106.7726618633
10.8512233625,106.7726062508
10.8512232900,106.7726071067
10.8512232075,106.7726079100
10.8512231567,106.7726087642
10.8512410250,106.7726608891
10.8512417142,106.7726612483
10.8512423684,106.7726615091
10.8512430442,106.7726618583
10.8512437284,106.7726622083
10.8512444425,106.7726625517
10.8512231934,106.7726069391
10.8512231209,106.7726077950
10.8512230384,106.7726085983
10.8512229875,106.7726094525
10.8512396909,106.7726786967
10.8512403667,106.7726790458
10.8512410509,106.7726793958
10.8512417650,106.7726797391
10.8512197342,106.7726463533
10.8512197667,106.7726471241
10.8512395625,106.7726794084
10.8512402384,106.7726797575
10.8512409225,106.7726801075
10.8512416367,106.7726804509
10.8512196059,106.7726470650
10.8512196384,106.7726478358
10.8512197217,106.7726486050
10.8512394650,106.7726801533
10.8512401409,106.7726805025
10.8512408250,106.7726808525
10.8512415392,106.7726811959
10.8512195084,106.7726478100
10.8512195409,106.7726485808
10.8512196242,106.7726493500
10.8512196684,106.7726500858
10.8512393434,106.7726808683
10.8512400192,106.7726812175
10.8512407034,106.7726815675
10.8512414175,106.7726819108
10.8512193867,106.7726485250
10.8512194192,106.7726492959
10.8512195025,106.7726500650
10.8512195467,106.7726508009
10.8512196242,106.7726515317
10.8512392975,106.7726816109
10.8512399734,106.7726819600
10.8512406575,106.7726823100
10.8512413717,106.7726826534
10.8512193409,106.7726492675
10.8512193734,106.7726500383
10.8512195009,106.7726515433
10.8512195784,106.7726522742
10.8512210383,106.7726851425
10.8512213217,106.7726857258
10.8512216658,106.7726863150
10.8512220658,106.7726868725
10.8512224383,106.7726874141
10.8512353158,106.7726982216
10.8512360050,106.7726985808
10.8512366592,106.7726988416
10.8512373350,106.7726991908
10.8512380192,106.7726995408
10.8512387333,106.7726998842
10.8512208675,106.7726858758
10.8512211509,106.7726864591
10.8512214950,106.7726870483
10.8512218950,106.7726876058
10.8512222675,106.7726881475
10.8512351450,106.7726989550
10.8512358342,106.7726993141
10.8512364884,106.7726995750
10.8512371642,106.7726999241
10.8512378484,106.7727002741
10.8512385625,106.7727006175
10.8512207725,106.7726865942
10.8512210559,106.7726871775
10.8512214000,106.7726877667
10.8512218000,106.7726883242
10.8512221725,106.7726888658
10.8512350500,106.7726996733
10.8512357392,106.7727000325
10.8512363934,106.7727002933
10.8512370692,106.7727006425
10.8512377534,106.7727009925
10.8512384675,106.7727013359
10.8512207050,106.7726873442
10.8512209884,106.7726879275
10.8512213325,106.7726885167
10.8512217325,106.7726890742
10.8512221050,106.7726896158
10.8512349825,106.7727004233
10.8512356717,106.7727007825
10.8512363259,106.7727010433
10.8512370017,106.7727013925
10.8512376859,106.7727017425
10.8512206042,106.7726881192
10.8512208875,106.7726887025
10.8512212317,106.7726892917
10.8512216317,106.7726898492
10.8512220042,106.7726903908
10.8512348817,106.7727011983
10.8512355709,106.7727015575
10.8512362250,106.7727018183
10.8512369009,106.7727021675
10.8512205242,106.7726888617
10.8512208075,106.7726894450
10.8512211517,106.7726900342
10.8512215517,106.7726905917
10.8512219242,106.7726911333
10.8512348017,106.7727019408
10.8512354909,106.7727023000
10.8512361450,106.7727025608
10.8511755592,106.7730002925
10.8511703809,106.7730462200
10.8511673108,106.7732697950
10.8511677792,106.7732702058
10.8511673000,106.7732704800
10.8511677684,106.7732708908
10.8511683217,106.7732712875
10.8511673017,106.7732711850
10.8511677700,106.7732715958
10.8511683234,106.7732719925
10.8511688292,106.7732723983
10.8511867484,106.7732952000
10.8511870592,106.7732958091
10.8511876967,106.7732959700
10.8511873692,106.7732964492
10.8511880067,106.7732966100
10.8511886600,106.7732967458
10.8511876817,106.7732970334
10.8511883192,106.7732971942
10.8511889725,106.7732973300
10.8511896092,106.7732974450
10.8511879192,106.7732976550
10.8511885567,106.7732978158
10.8511892100,106.7732979516
10.8511898467,106.7732980666
10.8511904959,106.7732982691
10.8511883367,106.7732982025
10.8511889742,106.7732983633
10.8511896275,106.7732984991
10.8511902642,106.7732986141
10.8511909134,106.7732988166
10.8511915850,106.7732989541
10.8512190333,106.7733139133
10.8512792325,106.7733266108
10.8512799842,106.7733266958
10.8512806483,106.7733267491
10.8512807342,106.7733267666
10.8512813983,106.7733268200
10.8512821375,106.7733269509
10.8514081042,106.7733389108
10.8514088767,106.7733390416
10.8514096150,106.7733391316
10.8519087317,106.7733950108
10.8519469117,106.7733986908
10.8519818809,106.7734026933
10.8519825209,106.7734027825
10.8519833242,106.7734028975
10.8522958417,106.7733316416
10.8522959742,106.7733308591
10.8522960342,106.7733302850
10.8522960992,106.7733297050
10.8522999034,106.7732981209
10.8522999467,106.7732975892
10.8522999925,106.7732970050
10.8523000417,106.7732964408
10.8523001209,106.7732958467
10.8523001442,106.7732952583
10.8523000175,106.7732974758
10.8523000608,106.7732969442
10.8523001067,106.7732963600
10.8523001558,106.7732957958
10.8523002350,106.7732952017
10.8523002583,106.7732946133
10.8523001159,106.7732968334
10.8523001592,106.7732963017
10.8523002050,106.7732957175
10.8523002542,106.7732951533
10.8523003567,106.7732939708
10.8523001975,106.7732961859
10.8523002867,106.7732950700
10.8523003358,106.7732945058
10.8523004150,106.7732939117
10.8523004383,106.7732933234
10.8523002425,106.7732955700
10.8523002858,106.7732950383
10.8523004600,106.7732932958
10.8523004833,106.7732927075
10.8523003259,106.7732949366
10.8523003692,106.7732944050
10.8523004150,106.7732938208
10.8523005667,106.7732920741
10.8523033792,106.7732643275
10.8523034625,106.7732636833
10.8523035225,106.7732630575
10.8523035750,106.7732624208
10.8523034392,106.7732637533
10.8523035825,106.7732624833
10.8523036350,106.7732618466
10.8523035042,106.7732631733
10.8523036475,106.7732619033
10.8523037000,106.7732612666
10.8523035592,106.7732625892
10.8523037550,106.7732606825
10.8523065509,106.7732314066
10.8523066392,106.7732307375
10.8523066825,106.7732302058
10.8523067408,106.7732295458
10.8523066400,106.7732302908
10.8523067284,106.7732296216
10.8523067867,106.7732289617
10.8523068475,106.7732282883
10.8523067775,106.7732290575
10.8523068967,106.7732277242
10.8523069858,106.7732270183
10.8523068567,106.7732284633
10.8523069150,106.7732278034
10.8523069759,106.7732271300
10.8523070650,106.7732264242
10.8523071534,106.7732258050
10.8523067917,106.7732285441
10.8523068800,106.7732278750
10.8523069383,106.7732272150
10.8523069992,106.7732265416
10.8523070883,106.7732258358
10.8523071767,106.7732252166
10.8523105950,106.7731932475
10.8523149000,106.7731549100
10.8523263809,106.7730527667
10.8523264600,106.7730520600
10.8523264933,106.7730513667
10.8523327800,106.7729901559
10.8523328592,106.7729894491
10.8523328292,106.7729887917
10.8523422158,106.7729151450
10.8523422533,106.7729144675
10.8523425125,106.7729138283
10.8523423608,106.7729138325
10.8523426200,106.7729131933
10.8523429042,106.7729125683
10.8523547525,106.7728796008
10.8523548592,106.7728789309
10.8523553309,106.7728784284
10.8523731017,106.7728552341
10.8523736383,106.7728550991
10.8523407958,106.7728473509
10.8523418175,106.7728474750
10.8523427000,106.7728475758
10.8523437008,106.7728476008
10.8523446475,106.7728478050
10.8523667058,106.7728499041
10.8523676667,106.7728500116
10.8523733609,106.7728545950
10.8523738975,106.7728544600
10.8523744209,106.7728543292
10.8523410550,106.7728467117
10.8523420767,106.7728468358
10.8523429592,106.7728469367
10.8523439600,106.7728469617
10.8523449067,106.7728471658
10.8523669650,106.7728492650
10.8523679259,106.7728493725
10.8523689175,106.7728494967
10.8523736450,106.7728539700
10.8523741817,106.7728538350
10.8523747050,106.7728537042
10.8523752417,106.7728535700
10.8523413392,106.7728460867
10.8523423609,106.7728462108
10.8523432434,106.7728463117
10.8523442442,106.7728463367
10.8523451909,106.7728465408
10.8523672492,106.7728486400
10.8523682100,106.7728487475
10.8523692017,106.7728488717
10.8523701267,106.7728490475
10.8523739109,106.7728533050
10.8523744475,106.7728531700
10.8523749709,106.7728530392
10.8523755075,106.7728529050
10.8523760584,106.7728527650
10.8523416050,106.7728454217
10.8523426267,106.7728455459
10.8523435092,106.7728456467
10.8523445100,106.7728456717
10.8523454567,106.7728458758
10.8523675150,106.7728479750
10.8523684759,106.7728480825
10.8523694675,106.7728482067
10.8523703925,106.7728483825
10.8523741384,106.7728526475
10.8523746750,106.7728525125
10.8523751984,106.7728523817
10.8523757350,106.7728522475
10.8523762859,106.7728521075
10.8523768084,106.7728519642
10.8523418325,106.7728447642
10.8523428542,106.7728448883
10.8523437367,106.7728449892
10.8523447375,106.7728450142
10.8523456842,106.7728452183
10.8523677425,106.7728473175
10.8523687034,106.7728474250
10.8523696950,106.7728475492
10.8523706200,106.7728477250
10.8523997325,106.7728371142
10.8524003375,106.7728371125
10.8524009258,106.7728370883
10.8524014983,106.7728371450
10.8524020917,106.7728371675
10.8524022317,106.7728364459
10.8524002042,106.7728366117
10.8524008092,106.7728366100
10.8524013975,106.7728365859
10.8524019700,106.7728366425
10.8524025634,106.7728366650
10.8524027034,106.7728359434
10.8524036667,106.7728360417
10.8524006759,106.7728361083
10.8524012809,106.7728361067
10.8524018692,106.7728360825
10.8524024417,106.7728361392
10.8524030350,106.7728361616
10.8524031750,106.7728354400
10.8524041384,106.7728355383
10.8524011400,106.7728356559
10.8524017450,106.7728356541
10.8524023333,106.7728356300
10.8524029058,106.7728356866
10.8524034992,106.7728357092
10.8524036392,106.7728349875
10.8524046025,106.7728350859
10.8524054692,106.7728351675
10.8524304100,106.7728295225
10.8524310317,106.7728295600
10.8524316592,106.7728296183
10.8524322975,106.7728296666
10.8524328975,106.7728296916
10.8523657792,106.7728226850
10.8523668009,106.7728228092
10.8523676834,106.7728229100
10.8523686842,106.7728229350
10.8523696309,106.7728231391
10.8524309467,106.7728293875
10.8524315683,106.7728294250
10.8524321958,106.7728294833
10.8524328342,106.7728295316
10.8524334342,106.7728295566
10.8523663158,106.7728225500
10.8523673375,106.7728226741
10.8523682200,106.7728227750
10.8523692208,106.7728228000
10.8523701675,106.7728230041
10.8524314700,106.7728292567
10.8524320917,106.7728292942
10.8524327192,106.7728293525
10.8524333575,106.7728294008
10.8524339575,106.7728294259
10.8523668392,106.7728224192
10.8523678609,106.7728225433
10.8523687434,106.7728226442
10.8523697442,106.7728226692
10.8523706909,106.7728228734
10.8524320067,106.7728291225
10.8524326283,106.7728291600
10.8524332558,106.7728292183
10.8524338942,106.7728292666
10.8524344942,106.7728292916
10.8523673758,106.7728222850
10.8523683975,106.7728224091
10.8523692800,106.7728225100
10.8523702808,106.7728225350
10.8523712275,106.7728227391
10.8524325575,106.7728289825
10.8524331792,106.7728290200
10.8524338067,106.7728290783
10.8524344450,106.7728291266
10.8524350450,106.7728291516
10.8523679267,106.7728221450
10.8523689484,106.7728222691
10.8523698309,106.7728223700
10.8523708317,106.7728223950
10.8523717784,106.7728225991
10.8524330800,106.7728288392
10.8524337017,106.7728288767
10.8524343292,106.7728289350
10.8524349675,106.7728289833
10.8524355675,106.7728290083
10.8523694709,106.7728221258
10.8523703534,106.7728222267
10.8523713542,106.7728222517
10.8523723009,106.7728224558
10.8524635625,106.7728295567
10.8524642075,106.7728296117
10.8524648742,106.7728296900
10.8524655325,106.7728297859
10.8524587534,106.7728290692
10.8524596809,106.7728292000
10.8524606042,106.7728293233
10.8524615517,106.7728293492
10.8524624767,106.7728293767
10.8524633942,106.7728294758
10.8524648125,106.7728296100
10.8524654792,106.7728296883
10.8524661375,106.7728297841
10.8524593584,106.7728290675
10.8524602859,106.7728291983
10.8524612092,106.7728293217
10.8524621567,106.7728293475
10.8524630817,106.7728293750
10.8524639992,106.7728294742
10.8524647558,106.7728295308
10.8524654008,106.7728295858
10.8524660675,106.7728296641
10.8524667258,106.7728297600
10.8524674008,106.7728298300
10.8524599467,106.7728290434
10.8524608742,106.7728291741
10.8524617975,106.7728292975
10.8524627450,106.7728293233
10.8524636700,106.7728293508
10.8524645875,106.7728294500
10.8524653283,106.7728295875
10.8524659733,106.7728296425
10.8524666400,106.7728297208
10.8524672983,106.7728298167
10.8524679733,106.7728298867
10.8524605192,106.7728291000
10.8524614467,106.7728292308
10.8524623700,106.7728293541
10.8524633175,106.7728293800
10.8524642425,106.7728294075
10.8524651600,106.7728295066
10.8524659217,106.7728296100
10.8524672334,106.7728297433
10.8524678917,106.7728298391
10.8524685667,106.7728299091
10.8524620400,106.7728292533
10.8524629634,106.7728293766
10.8524639109,106.7728294025
10.8524648359,106.7728294300
10.8524657534,106.7728295291
10.8524998583,106.7728325666
10.8525004967,106.7728326150
10.8525011859,106.7728327058
10.8525010967,106.7728326400
10.8525017859,106.7728327308
10.8525024959,106.7728327775
10.8524660617,106.7728288884
10.8524670250,106.7728289867
10.8524678917,106.7728290683
10.8524687967,106.7728291609
10.8524697133,106.7728292633
10.8524667067,106.7728289433
10.8524676700,106.7728290417
10.8524685367,106.7728291233
10.8524694417,106.7728292158
10.8524703583,106.7728293184
10.8524673734,106.7728290216
10.8524683367,106.7728291200
10.8524692034,106.7728292016
10.8524701084,106.7728292941
10.8524710250,106.7728293966
10.8524680317,106.7728291175
10.8524689950,106.7728292158
10.8524698617,106.7728292975
10.8524707667,106.7728293900
10.8524716833,106.7728294925
10.8524687067,106.7728291875
10.8524705367,106.7728293675
10.8524714417,106.7728294600
10.8524723583,106.7728295625
10.8528503850,106.7728722358
10.8530311259,106.7728924625
10.8513840775,106.7713095425
10.8513829525,106.7713095375
10.8513818550,106.7713095733
10.8513807209,106.7713095075
10.8513796542,106.7713094617
10.8513831067,106.7713095117
10.8513819817,106.7713095066
10.8513808842,106.7713095425
10.8513797500,106.7713094766
10.8513786834,106.7713094308
10.8513809242,106.7713096825
10.8513798267,106.7713097184
10.8513786925,106.7713096525
10.8513776259,106.7713096067
10.8513788608,106.7713098275
10.8513777267,106.7713097617
10.8513766600,106.7713097158
10.8513768367,106.7713097716
10.8513757700,106.7713097258
10.8513260783,106.7713092566
10.8513249817,106.7713092875
10.8513238558,106.7713093033
10.8513226208,106.7713092950
10.8513214483,106.7713093333
10.8513227308,106.7713092983
10.8513214958,106.7713092900
10.8513203233,106.7713093283
10.8513191700,106.7713092366
10.8513227592,106.7713093183
10.8513216333,106.7713093342
10.8513203983,106.7713093258
10.8513192258,106.7713093641
10.8513180725,106.7713092725
10.8513227217,106.7713092217
10.8513204992,106.7713092683
10.8513192642,106.7713092600
10.8513169384,106.7713092067
10.8513205584,106.7713092067
10.8513194325,106.7713092225
10.8513181975,106.7713092142
10.8513170250,106.7713092525
10.8513158717,106.7713091608
10.8512652592,106.7713080700
10.8512641775,106.7713080300
10.8512630867,106.7713079575
10.8512620417,106.7713078300
10.8512609492,106.7713077941
10.8512641625,106.7713081009
10.8512630809,106.7713080609
10.8512619900,106.7713079883
10.8512609450,106.7713078608
10.8512598525,106.7713078250
10.8512630367,106.7713081167
10.8512619550,106.7713080767
10.8512608642,106.7713080042
10.8512598192,106.7713078766
10.8512587267,106.7713078408
10.8512618017,106.7713081083
10.8512607200,106.7713080683
10.8512596292,106.7713079958
10.8512585842,106.7713078684
10.8512574917,106.7713078325
10.8512595475,106.7713081066
10.8512584567,106.7713080341
10.8512574117,106.7713079066
10.8512563192,106.7713078708
10.8512573034,106.7713079425
10.8512562584,106.7713078150
10.8512551659,106.7713077791
10.8511998059,106.7713045091
10.8511987242,106.7713044691
10.8511975850,106.7713043917
10.8511964942,106.7713043191
10.8511965884,106.7713042692
10.8511954492,106.7713041917
10.8511942800,106.7713041525
10.8511954959,106.7713042333
10.8511943567,106.7713041558
10.8511931875,106.7713041166
10.8511920550,106.7713039575
10.8511314284,106.7712982783
10.8511302492,106.7712980791
10.8511302892,106.7712982008
10.8511291100,106.7712980016
10.8511278750,106.7712978441
10.8511291200,106.7712981616
10.8511279409,106.7712979625
10.8511267059,106.7712978050
10.8511255117,106.7712976625
10.8511279875,106.7712980025
10.8511268084,106.7712978033
10.8511255734,106.7712976458
10.8511243792,106.7712975033
10.8511230892,106.7712973825
10.8511268542,106.7712978900
10.8511256750,106.7712976908
10.8511232458,106.7712973908
10.8511219558,106.7712972700
10.8511257184,106.7712978125
10.8511245392,106.7712976133
10.8511233042,106.7712974558
10.8511221100,106.7712973133
10.8511208200,106.7712971925
10.8510647692,106.7712914950
10.8510635125,106.7712914292
10.8510635900,106.7712912958
10.8510623334,106.7712912300
10.8510611059,106.7712910983
10.8510623550,106.7712911384
10.8510598709,106.7712909408
10.8510586142,106.7712907991
10.8510611608,106.7712909958
10.8510586767,106.7712907983
10.8510574200,106.7712906566
10.8510561592,106.7712905417
10.8510561300,106.7712905358
10.8510548692,106.7712904208
10.8509988533,106.7712865692
10.8509977258,106.7712864583
10.8509965383,106.7712863559
10.8509975967,106.7712865033
10.8509952817,106.7712862900
10.8509941575,106.7712861950
10.8509963692,106.7712863717
10.8509952417,106.7712862609
10.8509940542,106.7712861583
10.8509929300,106.7712860634
10.8509951125,106.7712862300
10.8509939850,106.7712861191
10.8509927975,106.7712860166
10.8509916734,106.7712859217
10.8509938517,106.7712861150
10.8509927242,106.7712860042
10.8509915367,106.7712859017
10.8509904125,106.7712858066
10.8509369633,106.7712821533
10.8509358775,106.7712820692
10.8509348225,106.7712819667
10.8509337225,106.7712818817
10.8509326058,106.7712817767
10.8509358358,106.7712820425
10.8509314783,106.7712816658
10.8509346483,106.7712819400
10.8509335625,106.7712818559
10.8509325075,106.7712817533
10.8509314075,106.7712816683
10.8509302908,106.7712815634
10.8509324384,106.7712817608
10.8509291667,106.7712814683
10.8508791908,106.7712798666
10.8508781567,106.7712800458
10.8508771517,106.7712802550
10.8508761967,106.7712804416
10.8508752133,106.7712805883
10.8508781050,106.7712797825
10.8508770709,106.7712799617
10.8508760659,106.7712801709
10.8508751109,106.7712803575
10.8508741275,106.7712805042
10.8508760159,106.7712798592
10.8508750109,106.7712800683
10.8508740559,106.7712802550
10.8508730725,106.7712804017
10.8508739109,106.7712799833
10.8508729559,106.7712801700
10.8508719725,106.7712803167
10.8508718392,106.7712800650
10.8508708558,106.7712802117
10.8508257492,106.7712908941
10.8508249667,106.7712914108
10.8508241525,106.7712921091
10.8508234833,106.7712929008
10.8508227700,106.7712936183
10.8508239325,106.7712915900
10.8508231184,106.7712922883
10.8508224492,106.7712930800
10.8508217359,106.7712937975
10.8508221134,106.7712924975
10.8508214442,106.7712932891
10.8508207309,106.7712940066
10.8508204892,106.7712934758
10.8508197759,106.7712941933
10.8508187925,106.7712943400
10.8507831917,106.7713218983
10.8507828834,106.7713227208
10.8507825742,106.7713235516
10.8507822092,106.7713243500
10.8507818984,106.7713251317
10.8507817917,106.7713240683
10.8507814267,106.7713248667
10.8507811159,106.7713256483
10.8507806125,106.7713255650
10.8507803017,106.7713263466
10.8507796325,106.7713271383
10.8507618733,106.7713687925
10.8507619350,106.7713697425
10.8507616267,106.7713705650
10.8507590167,106.7714159708
10.8507591683,106.7714170400
10.8507592458,106.7714181975
10.8507591108,106.7714179525
10.8507591883,106.7714191100
10.8507590983,106.7714188142
10.8507591758,106.7714199717
10.8507592808,106.7714209300
10.8507620400,106.7714682867
10.8507622600,106.7714690900
10.8507623650,106.7714699016
10.8507624009,106.7714710541
10.8512448358,106.7726520416
10.8512448800,106.7726527775
10.8512449575,106.7726535083
10.8512455692,106.7726531366
10.8512456467,106.7726538675
10.8512463009,106.7726541283
10.8513776542,106.7727031200
10.8514248484,106.7727079241
10.8514257492,106.7727080508
10.8514266025,106.7727081300
10.8514736384,106.7727132300
10.8514745734,106.7727132650
10.8514755009,106.7727133933
10.8514763592,106.7727135600
10.8514754325,106.7727133650
10.8514763600,106.7727134933
10.8514772184,106.7727136600
10.8514772392,106.7727135925
10.8514780975,106.7727137591
10.8514789842,106.7727138475
10.8515239400,106.7727192108
10.8515248308,106.7727193375
10.8515257242,106.7727194850
10.8515265942,106.7727196017
10.8515275475,106.7727195858
10.8515762167,106.7727254075
10.8515771259,106.7727254800
10.8515780617,106.7727255583
10.8515789800,106.7727256575
10.8515799075,106.7727257925
10.8515808025,106.7727259241
10.8515780167,106.7727255533
10.8515789525,106.7727256317
10.8515798708,106.7727257308
10.8515816933,106.7727259975
10.8515789034,106.7727256750
10.8515798392,106.7727257533
10.8515825800,106.7727261191
10.8515807300,106.7727258800
10.8515816483,106.7727259792
10.8515834708,106.7727262458
10.8515825417,106.7727261267
10.8515834692,106.7727262617
10.8515843642,106.7727263933
10.8516315292,106.7727320500
10.8516324534,106.7727321684
10.8516333550,106.7727322692
10.8516333625,106.7727322408
10.8516342642,106.7727323417
10.8516352000,106.7727324200
10.8516827792,106.7727375458
10.8516836234,106.7727376208
10.8516844809,106.7727377066
10.8516853984,106.7727377917
10.8516863225,106.7727379100
10.8517321817,106.7727428900
10.8517330233,106.7727430075
10.8517339125,106.7727431017
10.8517347858,106.7727431909
10.8517356492,106.7727433450
10.8517365017,106.7727434717
10.8517365025,106.7727434408
10.8517373550,106.7727435675
10.8517347225,106.7727432333
10.8517373484,106.7727435708
10.8517382009,106.7727436975
10.8517373450,106.7727435016
10.8517390609,106.7727437825
10.8517381892,106.7727435766
10.8517390525,106.7727437308
10.8517399050,106.7727438575
10.8517390467,106.7727436625
10.8517399100,106.7727438166
10.8517407625,106.7727439434
10.8517870409,106.7727495483
10.8517879009,106.7727497050
10.8517887425,106.7727498225
10.8518355625,106.7727558325
10.8518819367,106.7727615566
10.8518828567,106.7727616600
10.8518837225,106.7727617325
10.8519299400,106.7727667766
10.8519308600,106.7727669541
10.8519318142,106.7727671116
10.8519327125,106.7727672083
10.8519335850,106.7727672775
10.8519794275,106.7727723925
10.8519802992,106.7727726100
10.8519812433,106.7727726758
10.8519821892,106.7727727600
10.8519830933,106.7727728408
10.8519821892,106.7727727175
10.8519840392,106.7727728825
10.8519831808,106.7727728308
10.8519841267,106.7727729150
10.8519850308,106.7727729958
10.8519850467,106.7727730925
10.8519859508,106.7727731733
10.8519869050,106.7727733309
10.8520328609,106.7727793375
10.8520337517,106.7727793391
10.8520346234,106.7727795566
10.8520825575,106.7727850767
10.8520835300,106.7727851200
10.8520844917,106.7727852600
10.8520854225,106.7727853267
10.8520863884,106.7727854083
10.8520854650,106.7727854400
10.8520863958,106.7727855067
10.8520873617,106.7727855884
10.8520883400,106.7727856825
10.8520882650,106.7727856025
10.8520892309,106.7727856841
10.8521393925,106.7727909175
10.8521404250,106.7727910000
10.8521414009,106.7727911575
10.8521424117,106.7727912658
10.8521403033,106.7727909633
10.8521413358,106.7727910458
10.8521423117,106.7727912033
10.8521433225,106.7727913117
10.8521423083,106.7727910891
10.8521432842,106.7727912467
10.8521442950,106.7727913550
10.8521452642,106.7727914308
10.8521422375,106.7727911466
10.8521442459,106.7727913866
10.8521452567,106.7727914950
10.8521462259,106.7727915708
10.8521431683,106.7727912133
10.8521442008,106.7727912958
10.8521451767,106.7727914533
10.8521471567,106.7727916375
10.8521441342,106.7727912950
10.8521451667,106.7727913775
10.8521461425,106.7727915350
10.8521481225,106.7727917191
10.8521986475,106.7727971725
10.8521996475,106.7727972083
10.8522005608,106.7727972641
10.8522015608,106.7727973416
10.8522025100,106.7727974166
10.8522006800,106.7727972908
10.8522025933,106.7727974241
10.8522035425,106.7727974991
10.8522025692,106.7727975041
10.8522035692,106.7727975816
10.8522045184,106.7727976566
10.8522045800,106.7727976900
10.8522055292,106.7727977650
10.8522064984,106.7727978408
10.8522523684,106.7728030075
10.8522533575,106.7728031667
10.8522543642,106.7728033225
10.8522552925,106.7728034809
10.8522562725,106.7728037167
10.8522572434,106.7728038625
10.8522543575,106.7728032025
10.8522553642,106.7728033583
10.8522562925,106.7728035167
10.8522572725,106.7728037525
10.8522582434,106.7728038983
10.8522562775,106.7728034142
10.8522572058,106.7728035725
10.8522581858,106.7728038083
10.8522591567,106.7728039541
10.8522582058,106.7728036500
10.8522591858,106.7728038858
10.8522601567,106.7728040316
10.8522601350,106.7728039608
10.8522611059,106.7728041066
10.8523061817,106.7728103483
10.8523072034,106.7728104725
10.8523080859,106.7728105734
10.8523090867,106.7728105984
10.8523100334,106.7728108025
10.8523081925,106.7728106316
10.8523090750,106.7728107325
10.8523100758,106.7728107575
10.8523110225,106.7728109617
10.8523091992,106.7728107875
10.8523100817,106.7728108883
10.8523110825,106.7728109133
10.8523120292,106.7728111175
10.8523129575,106.7728112759
10.8523139375,106.7728115117
10.8512335367,106.7725075008
10.8512334083,106.7725082775
10.8523149084,106.7728116575
10.8523603442,106.7728174625
10.8523613358,106.7728175867
10.8523622608,106.7728177625
10.8523623575,106.7728177108
10.8523632825,106.7728178866
10.8523641650,106.7728179875
10.8524121592,106.7728229316
10.8524130642,106.7728230241
10.8524139808,106.7728231266
10.8524149417,106.7728232341
10.8524159333,106.7728233583
10.8524621800,106.7728285316
10.8524631034,106.7728286550
10.8524640509,106.7728286808
10.8524649759,106.7728287083
10.8524658934,106.7728288075
10.8524640667,106.7728287533
10.8524650142,106.7728287792
10.8524668567,106.7728289058
10.8524658809,106.7728288608
10.8524668059,106.7728288883
10.8524686284,106.7728290800
10.8524695450,106.7728291825
