lat,lon
10.85324538,106.7715099983
10.853245375,106.7715099767
10.8532453633,106.77151
10.853245385,106.77150999
10.8532453733,106.77150998
10.853245405,106.7715100683
10.8532454467,106.771510085
10.853245485,106.771510085
10.85324546,106.771510055
10.853245385,106.7715099917
10.8532454833,106.77151007
10.8532454683,106.77151006
10.8532454583,106.7715100517
10.8532454417,106.7715100367
10.853245425,106.7715100717
10.8532393967,106.7715094783
10.8532388183,106.7715094617
10.85323818,106.7715094567
10.8532376483,106.77150939
10.853237035,106.7715093617
10.853236415,106.771509245
10.8532212217,106.7715086217
10.8532205167,106.7715086283
10.8532198183,106.771508585
10.85321899,106.771508505
10.8532181417,106.7715085317
10.8532021567,106.7715068633
10.853201375,106.7715067533
10.8532006183,106.7715066367
10.853199915,106.7715064367
10.85319912,106.7715064017
10.8531815017,106.77150489
10.8531807,106.77150466
10.8531798183,106.7715046517
10.8531790517,106.771504555
10.8531782833,106.7715044183
10.8531598067,106.771501415
10.85315907,106.7715012617
10.8531584983,106.7715014583
10.8531575617,106.7715013683
10.8531568483,106.771501435
10.8531395383,106.771499455
10.8531387383,106.7714993267
10.8531380167,106.7714992683
10.8531372583,106.7714991983
10.8531365267,106.7714991917
10.8531142433,106.771496855
10.853113365,106.7714967817
10.85311254,106.7714966867
10.853111715,106.7714965483
10.85311088,106.771496325
10.8531099817,106.7714962933
10.8530908067,106.77149372
10.8530899283,106.7714935417
10.8530890383,106.771493485
10.8530881483,106.771493365
10.85308714,106.77149326
10.8530620883,106.77149031
10.8530612083,106.7714900933
10.8530602983,106.7714899967
10.8530593967,106.771489775
10.8530585083,106.7714896333
10.85305762,106.7714895833
10.8530349333,106.771485605
10.8530340367,106.7714854017
10.8530330067,106.7714854267
10.85303211,106.7714853333
10.8530309983,106.7714851033
10.85300722,106.7714822933
10.8530062783,106.7714819833
10.8530053167,106.7714817983
10.8530041883,106.77148183
10.852979175,106.7714786667
10.8529779667,106.7714784783
10.852976815,106.77147829
10.8529755733,106.7714782283
10.8529744,106.7714781417
10.8529732567,106.7714780333
10.8529482117,106.7714750817
10.85294706,106.771475035
10.8529458833,106.7714749
10.8529446967,106.77147465
10.8529436317,106.7714746433
10.85291102,106.7714706617
10.8529096333,106.771470545
10.852908535,106.771470365
10.8529076217,106.7714700483
10.85290641,106.7714696783
10.8528785467,106.7714665317
10.8528773967,106.77146647
10.8528763533,106.7714664517
10.852875255,106.7714663433
10.8528741033,106.771466165
10.85285019,106.7714639833
10.8528489817,106.7714637017
10.85284785,106.7714635983
10.8528467817,106.7714634433
10.8528457117,106.7714632983
10.8528446067,106.7714631433
10.8528183333,106.771459995
10.8528170417,106.7714599533
10.85281584,106.7714597417
10.852814645,106.7714595967
10.85281343,106.77145951
10.8527844683,106.7714558867
10.85278319,106.7714558383
10.8527818367,106.7714558167
10.852780505,106.77145566
10.852779205,106.7714555217
10.852749405,106.771452065
10.852748095,106.77145201
10.8527467283,106.7714519067
10.852745385,106.771451705
10.8527440917,106.77145153
10.8527057133,106.7714478633
10.852704355,106.7714476333
10.852703055,106.7714473917
10.8527016633,106.7714472683
10.852700355,106.771447005
10.8526989717,106.7714469883
10.852667265,106.771443465
10.85266595,106.7714433533
10.85266446,106.771443195
10.852663005,106.7714430533
10.8526287017,106.7714377667
10.8526273117,106.771437605
10.8526256833,106.771437385
10.8526241767,106.771437435
10.8526228217,106.7714373233
10.8525909067,106.77143285
10.8525896517,106.771432775
10.8525882683,106.7714326883
10.8525869567,106.771432515
10.8525856083,106.77143239
10.8525843267,106.771432085
10.8525549267,106.7714291767
10.8525535683,106.7714289767
10.8525522667,106.7714289267
10.8525508017,106.7714287767
10.85254953,106.7714286967
10.85250902,106.77142472
10.852507595,106.7714245433
10.8525062433,106.771424325
10.8525048183,106.7714242667
10.8525033317,106.77142418
10.852501935,106.7714241917
10.8524671367,106.7714200783
10.8524655583,106.7714197533
10.85246397,106.771419535
10.8524625233,106.7714192283
10.85246115,106.7714191233
10.852428495,106.7714161167
10.8524270667,106.7714160783
10.8524255583,106.7714158117
10.8524241967,106.771415675
10.8524226967,106.7714154933
10.8523905967,106.7714120983
10.8523891533,106.7714119733
10.8523877633,106.771411735
10.8523864983,106.7714117317
10.8523537817,106.7714077933
10.8523524517,106.77140769
10.8523511217,106.7714074617
10.8523498367,106.7714071283
10.8523485083,106.77140716
10.8523169,106.7714028767
10.8523153883,106.7714027
10.8523139467,106.7714025767
10.8523125033,106.7714024183
10.85231105,106.7714023683
10.8522776633,106.771398005
10.8522762883,106.7713979467
10.8522748117,106.771397845
10.85227337,106.7713978217
10.852272085,106.7713976817
10.8522706917,106.7713976433
10.8522404767,106.7713947717
10.852239175,106.7713944483
10.8522377683,106.77139442
10.8522364817,106.7713944083
10.8522351967,106.7713941933
10.8521990833,106.7713900283
10.8521977967,106.77139002
10.8521964633,106.7713898333
10.8521953133,106.771389705
10.8521941317,106.77138956
10.8521928683,106.7713895967
10.8521651167,106.7713879733
10.8521639267,106.7713880783
10.852162725,106.7713878483
10.8521614667,106.771387705
10.852133045,106.7713849183
10.852131685,106.7713845917
10.8521303517,106.77138426
10.8521290217,106.771384165
10.852127615,106.7713838283
10.852097075,106.771380215
10.85209577,106.7713800967
10.8520945283,106.7713799533
10.8520931633,106.771379775
10.85209185,106.7713794867
10.8520622667,106.77137542
10.8520610333,106.771375145
10.8520597,106.771374925
10.8520583417,106.7713749533
10.8520570783,106.7713750617
10.8520286933,106.7713716667
10.8520274933,106.7713714983
10.8520261417,106.7713714617
10.8520249083,106.7713712167
10.8520235883,106.7713710817
10.85202243,106.771370945
10.8519945183,106.77136786
10.8519932183,106.7713676767
10.85199199,106.7713675383
10.8519907033,106.7713674317
10.8519894867,106.7713673917
10.8519609983,106.7713641217
10.8519597267,106.7713639433
10.851958505,106.77136381
10.8519572333,106.7713635783
10.8519560283,106.7713634333
10.8519269467,106.771359895
10.8519257367,106.7713596917
10.85192441,106.7713595717
10.85192301,106.7713593533
10.8518900417,106.7713557567
10.8518886317,106.7713555667
10.8518870683,106.7713554233
10.851885575,106.7713554283
10.8518841333,106.7713552333
10.8518506633,106.771351885
10.8518491233,106.7713517733
10.8518476583,106.7713516533
10.8518461617,106.7713515417
10.8518445767,106.7713511633
10.8518088317,106.7713468517
10.8518072667,106.7713466083
10.8518057983,106.771346355
10.851804195,106.7713461567
10.8518026417,106.7713461067
10.8517665583,106.7713409683
10.8517648883,106.7713406217
10.8517632917,106.771340325
10.8517617633,106.7713400917
10.851760125,106.77133996
10.8517225333,106.771335925
10.8517209767,106.7713356067
10.8517193317,106.77133547
10.8517176933,106.7713352333
10.851716065,106.7713351633
10.8516793917,106.771330875
10.851677775,106.7713307183
10.8516762633,106.7713305083
10.8516745917,106.7713303567
10.8516729833,106.7713301333
10.85163498,106.7713261983
10.85163335,106.7713260033
10.85163158,106.77132583
10.8516298583,106.771325655
10.85162819,106.771325415
10.8515895383,106.7713202417
10.851587845,106.7713201467
10.851586185,106.7713199383
10.8515844733,106.7713198017
10.85158278,106.7713196517
10.8515810933,106.7713194333
10.8515430233,106.7713149767
10.8515414583,106.771314805
10.851539855,106.7713146333
10.8515382,106.771314435
10.8515365833,106.771314265
10.8514998833,106.7713120317
10.8514983183,106.7713121283
10.8514967833,106.7713121917
10.8514952333,106.7713122
10.8514628933,106.7713185783
10.8514616167,106.7713191033
10.8514603483,106.7713195383
10.8514591183,106.7713200367
10.8514579383,106.7713206083
10.85145676,106.7713212617
10.8514361567,106.7713405933
10.8514355867,106.77134157
10.8514350533,106.7713425467
10.8514345033,106.7713435717
10.8514263683,106.7713703367
10.85142619,106.771371565
10.85142596,106.7713727817
10.8514258267,106.7713739417
10.85142565,106.771375135
10.8514215,106.7714020333
10.8514212117,106.77140333
10.8514209233,106.7714046617
10.851420615,106.7714059883
10.8514204817,106.7714073483
10.8514138517,106.771439665
10.8514135167,106.771441115
10.8514131317,106.771442595
10.8514127517,106.77144408
10.8514124217,106.7714455567
10.8514041633,106.77147972
10.8514037883,106.7714812717
10.851403315,106.7714826433
10.85140282,106.7714840683
10.85140235,106.7714854583
10.8513929833,106.7715182717
10.85139266,106.7715197183
10.8513922883,106.7715210933
10.8513919767,106.77152256
10.8513916,106.771523975
10.8513826967,106.7715560633
10.8513823433,106.7715574833
10.8513819467,106.7715588533
10.8513815117,106.77156023
10.8513810867,106.7715616317
10.8513720683,106.771595385
10.851371675,106.77159677
10.8513713617,106.7715981917
10.851371115,106.7715996267
10.8513708433,106.77160109
10.8513616217,106.7716351867
10.85136125,106.7716365683
10.851360855,106.7716379583
10.8513604583,106.7716393733
10.8513600833,106.7716407417
10.8513527767,106.7716654017
10.851352315,106.7716667517
10.8513519867,106.77166812
10.8513516533,106.77166949
10.8513512983,106.7716708617
10.8513418733,106.7717106317
10.85134148,106.77171211
10.8513410767,106.7717135467
10.8513406267,106.7717149733
10.8513402417,106.77171647
10.8513399783,106.7717179417
10.8513320983,106.7717506533
10.8513316533,106.7717521
10.8513312617,106.7717535633
10.85133093,106.7717550467
10.8513305117,106.7717564583
10.8513218467,106.7717894917
10.8513215383,106.7717909633
10.851321355,106.7717923667
10.8513210283,106.7717937683
10.8513206717,106.7717952083
10.851314425,106.7718271233
10.8513141517,106.7718284883
10.85131387,106.7718298717
10.85131351,106.7718311917
10.8513132067,106.7718326333
10.8513090983,106.7718646167
10.851308895,106.77186602
10.8513086617,106.771867355
10.8513084817,106.7718687367
10.8513083167,106.7718700967
10.8513026417,106.7719092083
10.851302525,106.7719105633
10.8513023517,106.7719119083
10.85130216,106.7719132517
10.851301965,106.7719145733
10.8512979433,106.771946835
10.85129776,106.7719482
10.8512975267,106.7719495833
10.8512973267,106.7719509683
10.8512971833,106.7719523017
10.8512970283,106.7719536583
10.8512933267,106.7719856783
10.8512931617,106.771987075
10.85129302,106.771988495
10.8512928217,106.7719899483
10.8512926083,106.7719913717
10.851288955,106.7720258017
10.851288925,106.77202729
10.8512888217,106.7720288483
10.8512887517,106.772030325
10.8512885783,106.7720317967
10.8512850467,106.7720656017
10.8512850217,106.772067035
10.8512848683,106.7720684483
10.8512847033,106.77206988
10.8512808417,106.7721033683
10.8512807483,106.7721047667
10.8512805867,106.7721061817
10.85128037,106.7721075833
10.851280165,106.7721089467
10.851279995,106.772110315
10.85127627,106.7721417433
10.8512760367,106.7721430917
10.8512759283,106.7721445467
10.85127577,106.7721458783
10.8512756183,106.7721473183
10.8512719183,106.77217937
10.85127173,106.772180795
10.8512715217,106.7721822467
10.8512713867,106.7721835383
10.8512712983,106.77218498
10.8512671233,106.7722169833
10.851266985,106.7722183533
10.851266855,106.7722197883
10.8512667667,106.7722211517
10.85126272,106.7722547617
10.8512625767,106.7722561917
10.8512623983,106.7722576167
10.8512621533,106.77225898
10.851261905,106.772260335
10.8512617533,106.7722617883
10.8512583967,106.772294205
10.85125813,106.7722956117
10.8512578933,106.7722969217
10.8512576917,106.7722982833
10.8512547567,106.772331835
10.85125458,106.7723332583
10.8512543983,106.7723345967
10.85125429,106.7723359733
10.85125406,106.7723373633
10.8512539067,106.7723387633
10.8512506517,106.7723708167
10.8512505167,106.772372195
10.851250405,106.7723736533
10.851250325,106.772375085
10.8512500733,106.77237645
10.8512463783,106.7724087983
10.851246165,106.7724102183
10.8512459733,106.7724115617
10.851245775,106.7724129317
10.8512457283,106.772414345
10.8512409317,106.7724457483
10.8512408033,106.7724470867
10.8512407383,106.7724484967
10.8512406333,106.7724498483
10.8512369883,106.7724826133
10.8512368783,106.772483985
10.8512368183,106.77248534
10.8512366617,106.7724867333
10.8512365583,106.7724881067
10.8512328117,106.7725198017
10.8512326883,106.7725211867
10.8512326,106.7725225617
10.8512323783,106.7725239333
10.851232345,106.77252528
10.8512283667,106.7725581717
10.8512282167,106.7725594817
10.8512281283,106.7725608917
10.8512280817,106.772562205
10.85122795,106.7725635533
10.851227755,106.7725648633
10.8512241417,106.772596315
10.8512240933,106.7725977467
10.8512240117,106.7725991833
10.8512238133,106.772600665
10.8512236017,106.7726020383
10.85121956,106.7726353033
10.85121934,106.772636775
10.851219055,106.7726381767
10.8512187167,106.7726395533
10.8512133617,106.7726739283
10.851213105,106.7726753517
10.85121291,106.7726768417
10.8512126667,106.7726782717
10.851212575,106.7726797567
10.8512072983,106.7727142183
10.8512069567,106.772715685
10.8512067667,106.7727171217
10.8512066317,106.7727186217
10.85120643,106.7727201717
10.85120627,106.7727216567
10.8512017533,106.7727552967
10.8512015783,106.7727568333
10.85120138,106.7727583483
10.8512011983,106.772759865
10.8512011133,106.77276139
10.8511971717,106.7727978583
10.8511971133,106.7727994833
10.8511969433,106.7728009383
10.8511968533,106.7728024733
10.8511967517,106.7728040133
10.8511934883,106.772837725
10.8511933683,106.772839265
10.851193215,106.772840835
10.8511930767,106.7728423433
10.8511929667,106.7728438533
10.8511892867,106.7728811833
10.851189225,106.77288283
10.8511890633,106.77288447
10.8511890483,106.7728861367
10.8511847983,106.7729263933
10.8511846617,106.7729279467
10.8511844883,106.7729296633
10.8511843817,106.7729313383
10.8511841117,106.7729329383
10.85118399,106.7729345983
10.8511788517,106.7729730383
10.851178525,106.7729747717
10.8511782983,106.7729764817
10.851178095,106.7729781483
10.851173555,106.7730187967
10.8511733533,106.7730205933
10.851173085,106.7730222833
10.8511728233,106.77302403
10.8511724683,106.7730257433
10.8511722667,106.7730275467
10.85116699,106.773067995
10.851166845,106.7730698667
10.8511669733,106.77307182
10.8511672067,106.7730736433
10.8511626033,106.7731134917
10.8511625167,106.7731150183
10.8511622883,106.773116575
10.8511620417,106.7731181133
10.8511617883,106.77311971
10.8511593033,106.773154965
10.8511591333,106.773156465
10.8511589017,106.773157985
10.85115893,106.7731595
10.8511588433,106.773160955
10.8511547883,106.7731959367
10.8511545033,106.7731973867
10.85115437,106.7731988333
10.851154355,106.7732002833
10.85115414,106.77320175
10.8511520617,106.7732352217
10.8511521033,106.7732366433
10.8511521183,106.7732380833
10.8511520967,106.7732394533
10.8511521,106.7732408633
10.851159175,106.773273525
10.8511597967,106.7732747433
10.8511604167,106.7732760233
10.8511610417,106.7732771917
10.8511615167,106.773278435
10.8511623517,106.77327953
10.8511825033,106.7733015067
10.85118344,106.7733023283
10.8511845467,106.7733031217
10.8511855583,106.7733039333
10.8512143217,106.773316875
10.8512155967,106.7733171967
10.8512169033,106.7733174683
10.8512181767,106.7733176983
10.851219475,106.7733181033
10.8512208183,106.7733183783
10.8512525083,106.7733238933
10.8512540083,106.773324035
10.8512554867,106.7733242967
10.8512569033,106.773324425
10.8512584483,106.7733246867
10.8513015033,106.7733288167
10.851302945,106.7733288917
10.851304475,106.773329115
10.8513059567,106.7733293283
10.85130746,106.7733294983
10.8513087883,106.773329605
10.8513422583,106.7733318367
10.851343715,106.773332015
10.8513450833,106.773332145
10.8513465233,106.77333226
10.851347945,106.773332415
10.8513811917,106.7733358583
10.8513826683,106.7733360383
10.85138413,106.7733361167
10.8513856383,106.77333632
10.8513871417,106.7733364317
10.8513885767,106.7733365767
10.8514304367,106.7733413417
10.8514319883,106.7733416167
10.8514335183,106.7733417633
10.8514350167,106.7733419633
10.8514365617,106.773342225
10.8514720683,106.7733472033
10.8514736633,106.7733474067
10.8514752433,106.7733476317
10.8514768217,106.773347855
10.8514784117,106.773348075
10.851515555,106.7733530467
10.85151719,106.77335324
10.851518825,106.7733534133
10.85152043,106.773353665
10.8515598967,106.773357785
10.85156154,106.7733579417
10.851563155,106.7733580833
10.8515647833,106.7733582483
10.8515664717,106.773358435
10.8515680817,106.77335869
10.851605405,106.7733631183
10.8516070133,106.7733633
10.85160866,106.77336348
10.8516102267,106.7733637183
10.85161182,106.7733638967
10.85164895,106.7733676983
10.8516505817,106.773367935
10.8516521333,106.773368235
10.851653735,106.7733684467
10.851692805,106.773372975
10.8516943917,106.773373045
10.8516959833,106.7733733433
10.8516976583,106.7733734433
10.8516991783,106.7733736733
10.8517378967,106.773377315
10.8517394533,106.7733774733
10.8517410717,106.77337759
10.8517426283,106.7733777117
10.851744225,106.7733778633
10.8517814083,106.7733816367
10.8517829133,106.773381815
10.8517844517,106.7733819683
10.8517860617,106.77338215
10.8517875833,106.7733823333
10.8517892467,106.7733825183
10.8518264617,106.773386925
10.8518280767,106.7733870317
10.8518296967,106.7733873333
10.85183131,106.773387515
10.851868265,106.7733913683
10.85186973,106.7733914883
10.8518711383,106.7733916783
10.85187257,106.77339184
10.8518739983,106.7733920033
10.8519068017,106.7733948617
10.8519080833,106.77339489
10.8519093783,106.7733949467
10.851910715,106.7733950183
10.851912015,106.77339512
10.851943465,106.7733980183
10.8519448033,106.773398095
10.8519461367,106.773398195
10.85194748,106.7733982867
10.85194876,106.773398465
10.8519818083,106.7734022617
10.8519832617,106.7734024433
10.8519846567,106.77340265
10.85198611,106.7734028767
10.8519876,106.7734031833
10.8520162817,106.7734071
10.8520178883,106.77340733
10.8520193617,106.773407535
10.8520209483,106.773407835
10.8520224817,106.7734080583
10.8520587933,106.7734128117
10.85206036,106.7734129617
10.8520619817,106.7734131683
10.8520635933,106.7734133617
10.8520652033,106.773413555
10.8521032,106.7734185333
10.8521049033,106.7734188067
10.8521066167,106.77341906
10.8521083417,106.7734193
10.85211013,106.77341965
10.8521494567,106.7734233517
10.852151195,106.7734236433
10.8521528933,106.7734238217
10.85215461,106.7734240883
10.852194815,106.7734288683
10.8521963483,106.77342905
10.8521980417,106.7734292617
10.852199715,106.773429545
10.8522012917,106.7734299617
10.8522394067,106.7734301517
10.852240955,106.7734299317
10.8522425333,106.7734297483
10.85224407,106.773429385
10.8522454933,106.7734290233
10.852274065,106.7734096933
10.8522749267,106.77340844
10.8522757383,106.7734072167
10.8522764267,106.7734059183
10.8522770417,106.7734045583
10.8522902233,106.7733715367
10.8522905617,106.7733699167
10.852290905,106.7733684033
10.8522913317,106.77336683
10.8522915967,106.773365265
10.85229703,106.7733303017
10.8522972583,106.7733290117
10.852297455,106.7733277267
10.8522976183,106.7733264317
10.8522977083,106.7733252
10.852297875,106.7733239333
10.8523003517,106.7732964533
10.8523004717,106.773295305
10.8523006017,106.773294145
10.8523007117,106.7732929767
10.8523027767,106.77326594
10.8523028633,106.7732648767
10.852302955,106.7732637083
10.8523030533,106.77326258
10.8523032117,106.7732613917
10.8523032583,106.773260215
10.8523064067,106.7732322017
10.8523065733,106.7732309133
10.8523066933,106.7732296617
10.8523067983,106.7732283883
10.852310325,106.7731968733
10.8523105017,106.773195535
10.8523106183,106.773194215
10.85231074,106.7731928683
10.8523109183,106.7731914567
10.852311095,106.7731902183
10.8523143917,106.7731581067
10.8523145217,106.7731566733
10.8523146783,106.77315524
10.852314845,106.7731538383
10.852315005,106.7731524533
10.852318705,106.7731196017
10.8523189133,106.7731181367
10.8523190467,106.77311675
10.8523192483,106.7731153433
10.8523193717,106.77311384
10.8523232167,106.7730798967
10.8523232833,106.77307851
10.8523234983,106.7730770217
10.852323715,106.7730754967
10.8523240017,106.7730740917
10.8523287483,106.7730313867
10.85232892,106.7730299633
10.8523291467,106.7730284667
10.8523294283,106.7730270733
10.852329545,106.7730256367
10.8523297033,106.7730242233
10.852332865,106.7729925
10.852333075,106.7729911817
10.8523332667,106.7729898033
10.8523334183,106.7729884633
10.852336015,106.772954675
10.852335955,106.77295336
10.8523363033,106.7729519033
10.8523363133,106.77295039
10.8523363883,106.772949035
10.8523366033,106.772947765
10.85234006,106.7729159617
10.8523400317,106.772914505
10.8523401967,106.772913215
10.8523404067,106.772911905
10.85234062,106.772910565
10.8523481183,106.7728799
10.8523486367,106.7728786217
10.852349205,106.7728773717
10.8523497367,106.7728760417
10.8523501917,106.7728747267
10.8523690983,106.7728472967
10.8523700417,106.7728462917
10.852370985,106.772845285
10.8523719133,106.77284438
10.852398085,106.7728305683
10.8523991583,106.7728302983
10.852400205,106.7728300367
10.8524012783,106.7728297683
10.85240238,106.7728294883
10.852403425,106.7728292017
10.8524303667,106.7728269317
10.8524315767,106.7728269283
10.8524327533,106.77282688
10.8524338983,106.7728269933
10.852435085,106.7728270383
10.852462735,106.7728284767
10.8524639783,106.7728285517
10.8524652333,106.7728286683
10.85246651,106.772828765
10.85246771,106.772828815
10.8524967583,106.7728321817
10.8524980483,106.7728322917
10.8524993817,106.7728324483
10.8525006983,106.77283264
10.8525020483,106.77283278
10.8525344833,106.772836465
10.8525358617,106.7728366467
10.8525372817,106.77283674
10.8525387433,106.7728368417
10.8525726217,106.77284133
10.8525740383,106.772841475
10.8525754567,106.772841705
10.8525769183,106.77284191
10.8525783683,106.7728421017
10.8526132933,106.77284604
10.8526148033,106.7728462817
10.8526163233,106.77284632
10.8526177233,106.7728465633
10.8526191717,106.7728466333
10.852620685,106.7728468267
10.8526554933,106.7728502133
10.8526569667,106.7728503767
10.8526584567,106.77285051
10.8526599417,106.7728507467
10.8526615,106.772850845
10.8526965,106.77285427
10.852698025,106.7728543633
10.8526995533,106.77285454
10.852701075,106.7728546983
10.8527026017,106.7728548267
10.8527390467,106.7728588017
10.8527406117,106.7728589483
10.85274211,106.77285915
10.852743625,106.77285932
10.85278097,106.7728636067
10.8527825317,106.77286388
10.85278412,106.772864055
10.8527856383,106.7728642617
10.85278719,106.7728643883
10.8528237167,106.7728690933
10.852825255,106.7728693617
10.8528267617,106.7728694983
10.8528282617,106.7728696983
10.8528298133,106.7728699033
10.8528690083,106.7728745317
10.85287064,106.772874655
10.8528722517,106.7728747783
10.8528738683,106.7728749683
10.8528754567,106.77287517
10.8528770533,106.7728753783
10.8529144233,106.772879795
10.852916005,106.772880045
10.852917625,106.7728801983
10.8529193017,106.7728802483
10.8529209783,106.77288039
10.8529603233,106.7728839333
10.85296194,106.7728841833
10.8529636317,106.7728844067
10.8529652317,106.7728846717
10.8530046467,106.7728892933
10.8530062733,106.7728893833
10.853007935,106.772889535
10.8530095767,106.7728896583
10.8530111883,106.7728899433
10.8530509833,106.772895125
10.8530526117,106.772895205
10.8530542933,106.772895355
10.8530559583,106.772895455
10.853057605,106.7728956317
10.8530957083,106.77290027
10.853097255,106.7729004667
10.85309887,106.7729006333
10.8531003783,106.772900775
10.8531018833,106.77290091
10.8531034733,106.7729011
lat,lon
10.8514116067,106.7713097317
10.851409665,106.77130967
10.85140755,106.7713100217
10.8514056183,106.77131024
10.8514038383,106.77131026
10.8513565483,106.7713093533
10.8513542983,106.7713093433
10.8513521033,106.771309415
10.851349835,106.7713092833
10.8513477017,106.7713091917
10.8512956083,106.77130916
10.851293415,106.7713092217
10.8512911633,106.7713092533
10.8512886933,106.7713092367
10.8512863483,106.7713093133
10.8512840417,106.77130913
10.85123491,106.77130698
10.8512327467,106.7713069
10.851230565,106.771306755
10.851228475,106.7713065
10.85122629,106.7713064283
10.8511647017,106.7713020383
10.8511624233,106.7713018833
10.851160085,106.771301805
10.85115782,106.7713014867
10.8511555533,106.7713012617
10.8511532817,106.7713011067
10.851098155,106.7712945183
10.8510957967,106.77129412
10.8510933267,106.771293805
10.8510909383,106.77129352
10.8510883583,106.7712932783
10.8510313833,106.7712884717
10.85102887,106.77128834
10.851026415,106.7712880767
10.8510239017,106.7712877933
10.85102138,106.7712875633
10.8509663233,106.7712846667
10.8509640683,106.771284445
10.8509616933,106.77128424
10.850959445,106.77128405
10.8509076033,106.77127964
10.8509054317,106.7712794717
10.8509033217,106.7712792667
10.8509011217,106.7712790967
10.8508988883,106.7712788867
10.8508507783,106.7712800933
10.85084871,106.7712804517
10.8508467,106.77128087
10.85084479,106.7712812433
10.8508428233,106.7712815367
10.85080072,106.771301695
10.850799155,106.7713027283
10.8507975267,106.771304125
10.8507961883,106.7713057083
10.8507947617,106.7713071433
10.8507656633,106.7713421017
10.8507650467,106.7713437467
10.8507644283,106.7713454083
10.8507636983,106.771347005
10.8507630767,106.7713485683
10.8507580733,106.7713883183
10.8507579583,106.7713901433
10.8507579333,106.7713918667
10.8507581433,106.7713937833
10.8507580833,106.7713954833
10.8507582067,106.7713973833
10.8507598883,106.7714413183
10.85075996,106.7714436233
10.8507602633,106.7714457617
10.8507604183,106.7714480767
10.8507641917,106.771495255
10.8507646317,106.7714968617
10.8507648417,106.771498485
lat,lon
10.8512347783,106.7726560667
10.851235345,106.7726572333
10.8512360333,106.7726584117
10.8512368333,106.7726595267
10.8512375783,106.77266061
10.8512633333,106.772682225
10.8512647117,106.7726829433
10.85126602,106.772683465
10.8512673717,106.7726841633
10.85126874,106.7726848633
10.8512701683,106.77268555
10.8513055683,106.77269471
10.851307105,106.77269487
10.8513089083,106.7726950617
10.8513104117,106.772695425
10.851350565,106.7727004717
10.8513522383,106.7727004333
10.8513538033,106.772700585
10.8513554383,106.7727006067
10.8513572133,106.7727007733
10.851397705,106.7727052133
10.8513994117,106.7727053717
10.8514011567,106.7727055617
10.85140296,106.7727056433
10.8514047433,106.7727057683
10.8514467417,106.77271006
10.85144846,106.77271026
10.8514502183,106.7727104583
10.8514519917,106.772710635
10.8514537933,106.7727108883
10.8514968883,106.7727161983
10.8514986283,106.7727164317
10.851500535,106.7727164
10.851502405,106.77271647
10.85150426,106.7727167267
10.8515059767,106.77271706
10.8515474367,106.7727218333
10.8515492183,106.77272198
10.8515509917,106.7727222233
10.8515527733,106.7727224767
10.85155456,106.7727227717
10.8516049967,106.7727289817
10.851606815,106.7727291267
10.8516086867,106.7727292833
10.8516105233,106.7727294817
10.8516123783,106.7727297517
10.8516141683,106.772730015
10.8516562267,106.7727349483
10.8516580617,106.7727351183
10.85165991,106.772735355
10.8516617133,106.7727355567
10.8517042133,106.7727395217
10.85170592,106.7727397133
10.8517076117,106.7727399733
10.8517093317,106.7727401433
10.85171102,106.7727402933
10.851712735,106.772740465
10.85176015,106.7727462583
10.8517618333,106.7727464933
10.8517636117,106.7727466817
10.8517653583,106.77274686
10.851767085,106.7727471683
10.85176879,106.7727474217
10.85180871,106.772752245
10.85181046,106.7727524
10.8518121983,106.7727525767
10.8518139317,106.7727528383
10.8518156517,106.7727531517
10.8518554467,106.7727584633
10.8518571783,106.7727586083
10.8518589467,106.77275886
10.85186073,106.7727591233
10.851862415,106.77275942
10.8519030117,106.7727641333
10.8519048083,106.7727643267
10.8519065533,106.772764465
10.8519084267,106.77276465
10.8519102667,106.7727648567
10.8519529933,106.77276911
10.851954885,106.7727691933
10.8519568683,106.77276942
10.8519587083,106.772769775
10.8519606167,106.77277009
10.8520058617,106.772775675
10.852007605,106.77277611
10.8520094933,106.7727762417
10.852011385,106.77277641
10.8520131933,106.7727765717
10.8520559567,106.7727824517
10.8520579033,106.7727828117
10.85205986,106.772783
10.8520616417,106.7727830033
10.8521073367,106.77278761
10.8521091583,106.7727877017
10.8521111033,106.7727877883
10.8521130267,106.7727880683
10.8521148883,106.7727882017
10.85211682,106.772788365
10.8521714483,106.772794225
10.8521735133,106.77279439
10.852175465,106.772794705
10.8521774867,106.7727949217
10.852179425,106.7727950733
10.8522258467,106.77280012
10.8522278467,106.7728001917
10.8522296733,106.7728003033
10.8522316733,106.7728004583
10.8522335717,106.7728006083
10.85227889,106.772805895
10.8522808683,106.7728062133
10.8522828817,106.772806525
10.8522847383,106.7728068417
10.8522866983,106.7728073133
lat,lon
10.851236485,106.7724799233
10.8512362283,106.7724814767
10.85123601,106.7724832183
10.851235765,106.7724849633
10.851231205,106.7725263333
10.8512311367,106.772527975
10.8512311383,106.772529835
10.8512310033,106.772531515
10.8512308367,106.772533385
10.8512305883,106.7725350783
10.85122767,106.772574325
10.851227525,106.7725760367
10.85122736,106.7725776433
10.8512272583,106.7725793517
10.8512261067,106.7726187783
10.8512261717,106.77262032
10.8512263383,106.7726218583
10.8512264267,106.77262333
10.8512265817,106.7726247917
10.8512347783,106.7726560667
10.851235345,106.7726572333
10.8512360333,106.7726584117
10.8512368333,106.7726595267
10.8512375783,106.77266061
10.8512633333,106.772682225
10.8512647117,106.7726829433
10.85126602,106.772683465
10.8512673717,106.7726841633
10.85126874,106.7726848633
10.8512701683,106.77268555
10.8513055683,106.77269471
10.851307105,106.77269487
10.8513089083,106.7726950617
10.8513104117,106.772695425
10.851350565,106.7727004717
10.8513522383,106.7727004333
10.8513538033,106.772700585
10.8513554383,106.7727006067
10.8513572133,106.7727007733
10.851397705,106.7727052133
10.8513994117,106.7727053717
10.8514011567,106.7727055617
10.85140296,106.7727056433
10.8514047433,106.7727057683
10.8514467417,106.77271006
10.85144846,106.77271026
10.8514502183,106.7727104583
10.8514519917,106.772710635
10.8514537933,106.7727108883
10.8514968883,106.7727161983
10.8514986283,106.7727164317
10.851500535,106.7727164
10.851502405,106.77271647
10.85150426,106.7727167267
10.8515059767,106.77271706
10.8515474367,106.7727218333
10.8515492183,106.77272198
10.8515509917,106.7727222233
10.8515527733,106.7727224767
10.85155456,106.7727227717
10.8516049967,106.7727289817
10.851606815,106.7727291267
10.8516086867,106.7727292833
10.8516105233,106.7727294817
10.8516123783,106.7727297517
10.8516141683,106.772730015
10.8516562267,106.7727349483
10.8516580617,106.7727351183
10.85165991,106.772735355
10.8516617133,106.7727355567
10.8517042133,106.7727395217
10.85170592,106.7727397133
10.8517076117,106.7727399733
10.8517093317,106.7727401433
10.85171102,106.7727402933
10.851712735,106.772740465
10.85176015,106.7727462583
10.8517618333,106.7727464933
10.8517636117,106.7727466817
10.8517653583,106.77274686
10.851767085,106.7727471683
10.85176879,106.7727474217
10.85180871,106.772752245
10.85181046,106.7727524
10.8518121983,106.7727525767
10.8518139317,106.7727528383
10.8518156517,106.7727531517
10.8518554467,106.7727584633
10.8518571783,106.7727586083
10.8518589467,106.77275886
10.85186073,106.7727591233
10.851862415,106.77275942
10.8519030117,106.7727641333
10.8519048083,106.7727643267
10.8519065533,106.772764465
10.8519084267,106.77276465
10.8519102667,106.7727648567
10.8519529933,106.77276911
10.851954885,106.7727691933
10.8519568683,106.77276942
10.8519587083,106.772769775
10.8519606167,106.77277009
10.8520058617,106.772775675
10.852007605,106.77277611
10.8520094933,106.7727762417
10.852011385,106.77277641
10.8520131933,106.7727765717
10.8520559567,106.7727824517
10.8520579033,106.7727828117
10.85205986,106.772783
10.8520616417,106.7727830033
10.8521073367,106.77278761
10.8521091583,106.7727877017
10.8521111033,106.7727877883
10.8521130267,106.7727880683
10.8521148883,106.7727882017
10.85211682,106.772788365
10.8521714483,106.772794225
10.8521735133,106.77279439
10.852175465,106.772794705
10.8521774867,106.7727949217
10.852179425,106.7727950733
10.8522258467,106.77280012
10.8522278467,106.7728001917
10.8522296733,106.7728003033
10.8522316733,106.7728004583
10.8522335717,106.7728006083
10.85227889,106.772805895
10.8522808683,106.7728062133
10.8522828817,106.772806525
10.8522847383,106.7728068417
10.8522866983,106.7728073133
10.85228864,106.772807605
10.8523334733,106.7728148017
10.8523355167,106.77281505
10.8523372817,106.7728152517
10.8523392833,106.7728153017
10.8523411767,106.77281571
10.8523852933,106.7728199083
10.852387215,106.7728201233
10.8523891983,106.7728203717
10.8523910483,106.7728207233
10.852435365,106.772825595
10.8524372917,106.7728257917
10.852439025,106.772825955
10.852440835,106.77282614
10.8524426683,106.772826345
10.85248714,106.7728312067
10.852488995,106.7728314683
10.8524908417,106.772831715
10.8524927367,106.7728317667
10.8524945867,106.7728318217
10.8524964217,106.77283202
